Insurance Provider,Gender,Age,Occupation,Marital Status,Family Size,Income,Expenditure,Loan Category,Loan Amount,Pending Payemnt
AXA,FEMALE,21,CLERK,MARRIED,3,750000,25641,GOLD LOAN,214569,16324
AXA,FEMALE,21,BANK MANAGER,MARRIED,4,930000,35680,HOUSING,679040,34000
AXA,FEMALE,24,PRODUCT ENGINEER,MARRIED,6,118927,29000,SHOPPING,80660,4500
AXA,FEMALE,24,SOFTWARE ENGINEER,MARRIED,6,112333,29000,COMPUTER SOFTWARES,80660,4500
AXA,FEMALE,24,DRIVER,MARRIED,3,42792,25854,GOLD LOAN,15350,64906
AXA,FEMALE,24,PRODUCT ENGINEER,MARRIED,6,105739,29000,COMPUTER SOFTWARES,80660,4500
AXA,FEMALE,24,DATA ANALYST,SINGLE,4,60111,28999,AUTOMOBILE,35232,33333
AXA,FEMALE,24,DATA ANALYST,SINGLE,4,60111,28999,RESTAURANTS,35232,33333
AXA,FEMALE,24,DATA ANALYST,SINGLE,4,60111,28999,RESTAURANTS,35232,33333
AXA,FEMALE,24,CLERK,MARRIED,7,78409,18566,TRAVELLING,54177,15938
AXA,FEMALE,24,TEACHER,MARRIED,5,50099,29999,RESTAURANTS,30999,12000
AXA,FEMALE,25,TEACHER,MARRIED,5,48099,19999,RESTAURANTS,30999,12000
AXA,FEMALE,26,TEACHER,MARRIED,5,48099,19999,RESTAURANTS,30999,12000
AXA,FEMALE,26,TEACHER,MARRIED,5,48099,19999,RESTAURANTS,30999,12000
AXA,FEMALE,26,TEACHER,MARRIED,5,48099,19999,RESTAURANTS,30999,12000
AXA,FEMALE,26,TEACHER,MARRIED,5,48099,19999,RESTAURANTS,30999,12000
AXA,FEMALE,26,TEACHER,MARRIED,5,48099,19999,TRAVELLING,30999,12000
AXA,FEMALE,26,TEACHER,MARRIED,5,45099,21999,RESTAURANTS,30999,12000
AXA,FEMALE,27,PROFESSOR,MARRIED,6,59000,19999,AUTOMOBILE,50000,33999
AXA,FEMALE,27,ASSISTANT PROFESSOR,MARRIED,6,54999,25888,SHOPPING,47787,50000
Raffles,FEMALE,27,PROFESSOR,MARRIED,6,51000,19999,SHOPPING,50000,33999
Raffles,FEMALE,27,PROFESSOR,MARRIED,6,51000,19999,SHOPPING,50000,33999
AXA,FEMALE,27,SYSTEM MANAGER,MARRIED,3,59999,29111,ELECTRONICS,60676,13000
AXA,FEMALE,28,PRODUCT ENGINEER,MARRIED,6,79363,29000,COMPUTER SOFTWARES,80660,4500
AXA,FEMALE,28,SOFTWARE ENGINEER,MARRIED,5,55999,23999,AUTOMOBILE,60999,0
AXA,FEMALE,28,SOFTWARE ENGINEER,MARRIED,5,55999,23999,HOME APPLIANCES,60999,0
AXA,FEMALE,28,SOFTWARE ENGINEER,MARRIED,6,74757,32000,COMPUTER SOFTWARES,80660,4500
Raffles,FEMALE,28,NURSE,MARRIED,6,38999,24888,SHOPPING,47787,50000
AXA,FEMALE,29,SYSTEM MANAGER,MARRIED,3,49999,19111,RESTAURANTS,60676,13000
AXA,FEMALE,29,SYSTEM MANAGER,MARRIED,3,49999,19111,ELECTRONICS,60676,13000
AXA,FEMALE,29,SYSTEM MANAGER,MARRIED,3,49999,19111,ELECTRONICS,60676,13000
AXA,FEMALE,29,SYSTEM MANAGER,MARRIED,3,49999,19111,ELECTRONICS,60676,13000
Raffles,FEMALE,29,NURSE,MARRIED,6,34999,19888,AUTOMOBILE,47787,50000
AXA,FEMALE,29,NURSE,MARRIED,6,34999,19888,TRAVELLING,47787,50000
Raffles,FEMALE,29,NURSE,MARRIED,6,34999,19888,SHOPPING,47787,50000
Raffles,FEMALE,29,NURSE,MARRIED,6,34999,19888,SHOPPING,47787,50000
Prudential,FEMALE,30,ASSISTANT PROFESSOR,MARRIED,6,34999,19888,SHOPPING,47787,50000
Prudential,FEMALE,30,DENTIST,SINGLE,3,58450,27675,TRAVELLING,75000,20876
Raffles,FEMALE,30,DENTIST,SINGLE,3,58450,27675,TRAVELLING,75000,20876
AXA,FEMALE,30,DENTIST,SINGLE,3,58450,27675,TRAVELLING,75000,20876
Prudential,FEMALE,30,SYSTEM MANAGER,MARRIED,3,39999,19111,AUTOMOBILE,60676,13000
Prudential,FEMALE,30,PRODUCT ENGINEER,MARRIED,6,40499,29000,COMPUTER SOFTWARES,80660,4500
Prudential,FEMALE,30,SYSTEM OFFICER,MARRIED,6,75250,32541,EDUCATIONAL LOAN,102256,14256
Prudential,FEMALE,30,SYSTEM OFFICER,MARRIED,6,75250,32541,EDUCATIONAL LOAN,102256,14256
Prudential,FEMALE,31,SYSTEM OFFICER,MARRIED,6,75250,35541,EDUCATIONAL LOAN,102256,14256
Prudential,FEMALE,31,PRODUCT ENGINEER,MARRIED,6,75750,29000,SHOPPING,80660,4500
AXA,FEMALE,31,PRODUCT ENGINEER,MARRIED,6,76250,26000,COMPUTER SOFTWARES,80660,4500
Prudential,FEMALE,31,PRODUCT ENGINEER,MARRIED,6,76750,29000,AUTOMOBILE,80660,4500
Prudential,FEMALE,31,FIRE DEPARTMENT,MARRIED,4,40000,18888,AUTOMOBILE,70000,0
Prudential,FEMALE,31,BANK MANAGER,MARRIED,4,45999,14500,TRAVELLING,79999,6700
Prudential,FEMALE,31,BANK MANAGER,MARRIED,4,45999,14500,TRAVELLING,79999,6700
Prudential,FEMALE,32,BANK MANAGER,MARRIED,4,45999,14500,HOME APPLIANCES,79999,6700
Prudential,FEMALE,32,BANK MANAGER,MARRIED,4,45999,14500,TRAVELLING,79999,6700
Prudential,FEMALE,32,DIETICIAN,MARRIED,2,46499,24376,BUILDING,95270,30385
Prudential,FEMALE,32,FARMER,SINGLE,3,51162,12591,AGRICULTURE,104758,75535
Prudential,FEMALE,32,CLERK,SINGLE,3,35000,9000,GOLD LOAN,100000,12584
Prudential,FEMALE,32,FARMER,MARRIED,7,35500,40246,AGRICULTURE,109000,28764
Prudential,FEMALE,32,DATA ENGINEER,SINGLE,6,42827,36410,RESTAURANT,125982,75739
Prudential,FEMALE,32,TEACHER,SINGLE,4,49370,21720,SHOPPING,140556,40378
Prudential,FEMALE,33,TECHNICIAN,MARRIED,5,30000,43518,RESTAURANTS,125463,52634
Prudential,FEMALE,33,TECHNICIAN,MARRIED,5,30000,43518,AUTOMOBILE,125463,52634
Prudential,FEMALE,33,SOFTWARE ENGINEER,MARRIED,7,50568,30010,RESTAURANT,146770,37354
Prudential,FEMALE,33,SOFTWARE ENGINEER,MARRIED,7,49568,44010,RESTAURANT,146770,37354
Prudential,FEMALE,33,ARMY,SINGLE,6,67129,16487,BUSINESS,167995,37222
Prudential,FEMALE,33,BUSINESS,MARRIED,4,50604,19918,HOUSING,164081,16514
Prudential,FEMALE,33,BANK MANAGER,MARRIED,5,68366,19326,DINNING,188617,38410
Prudential,FEMALE,33,BUSINESS,MARRIED,5,35407,21876,GOLD LOAN,157459,36058
Prudential,FEMALE,34,STORE KEEPER,SINGLE,5,40999,11999,BOOK STORES,167654,4500
Prudential,FEMALE,34,STORE KEEPER,SINGLE,5,40999,11999,AUTOMOBILE,167654,4500
Prudential,FEMALE,35,STORE KEEPER,SINGLE,5,40999,11999,BOOK STORES,167654,4500
Prudential,FEMALE,35,STORE KEEPER,SINGLE,5,40999,11999,BOOK STORES,167654,4500
Prudential,FEMALE,36,TEACHER,SINGLE,4,35020,26286,SHOPPING,162449,22862
Prudential,FEMALE,36,CHARTERED APPRAISER,SINGLE,5,70952,15709,RESTAURANT,204833,20711
Prudential,FEMALE,36,TEACHER,SINGLE,3,69961,27078,AUTOMOBILE,208327,13594
Prudential,FEMALE,36,BUSINESS,MARRIED,5,35407,21876,GOLD LOAN,177459,56058
Prudential,FEMALE,36,DRIVER,SINGLE,5,38687,17562,HOUSING,180826,81601
Prudential,FEMALE,36,BANK MANAGER,MARRIED,6,55670,32500,TRAVELLING,200560,34600
Prudential,FEMALE,36,SOFTWARE ENGINEER,SINGLE,5,56000,22376,SHOPPING,206750,23450
Prudential,FEMALE,37,POLICE,SINGLE,4,45521,43518,AUTOMOBILE,200000,43898
Prudential,FEMALE,37,POLICE,SINGLE,4,44521,11999,AUTOMOBILE,200000,43898
Prudential,FEMALE,37,POLICE,SINGLE,4,43521,11999,AUTOMOBILE,200000,43898
Prudential,FEMALE,37,POLICE,SINGLE,4,43521,11999,AUTOMOBILE,200000,43898
Prudential,FEMALE,37,POLICE,SINGLE,4,43521,11999,AUTOMOBILE,200000,43898
Prudential,FEMALE,38,DENTIST,SINGLE,7,49744,23564,COMPUTER SOFTWARES,207979,36588
Prudential,FEMALE,38,CLERK,MARRIED,7,42751,21265,RESTAURANT,203787,70319
Prudential,FEMALE,38,DENTIST,MARRIED,7,41247,20755,GOLD LOAN,227503,80114
Prudential,FEMALE,38,TEACHER,MARRIED,5,70000,40000,GOLD LOAN,257789,10058
Prudential,FEMALE,38,TEACHER,MARRIED,4,48192,36581,RESTAURANT,236617,21270
Prudential,FEMALE,38,DATA ENGINEER,SINGLE,2,48692,12102,RESTAURANT,233604,46408
Prudential,FEMALE,38,DIETICIAN,SINGLE,2,102334,17725,BUSINESS,312602,44634
Prudential,FEMALE,39,POLICE,MARRIED,6,33763,31191,AUTOMOBILE,260038,49153
Prudential,FEMALE,39,BANK MANAGER,SINGLE,6,55639,23775,HOUSING,284938,80269
Prudential,FEMALE,39,CIVIL ENGINEER,MARRIED,6,75415,29047,ELECTRONICS,312842,60993
Prudential,FEMALE,39,DRIVER,MARRIED,3,420792,26854,GOLD LOAN,658350,54906
Prudential,FEMALE,39,PILOT,SINGLE,4,83053,22355,BOOK STORES,323075,84997
Prudential,FEMALE,39,FARMER,SINGLE,5,76294,45744,BUILDING,318598,23866
AIA,FEMALE,39,DATA ENGINEER,SINGLE,2,74264,37747,RESTAURANTS,321040,55582
AIA,FEMALE,39,ARMY,MARRIED,5,74764,32845,GOLD LOAN,324055,63046
Prudential,FEMALE,39,TEACHER,MARRIED,5,48099,19999,RESTAURANTS,300999,12000
Prudential,FEMALE,39,CLERK,MARRIED,4,45300,15000,HOUSING,300000,5600
Prudential,FEMALE,39,FARMER,MARRIED,5,73656,18108,HOUSING,328952,84200
Prudential,FEMALE,39,DOCTOR,SINGLE,4,79580,43518,SHOPPING,339171,84824
Great Eastern,FEMALE,40,DOCTOR,SINGLE,4,77580,43518,SHOPPING,339171,84824
Great Eastern,FEMALE,40,CLERK,MARRIED,4,38000,19000,HOUSING,300000,5600
Great Eastern,FEMALE,41,TEACHER,SINGLE,3,51227,17187,GOLD LOAN,314714,63843
Great Eastern,FEMALE,41,PILOT,SINGLE,4,75993,22164,DINNING,340060,17476
Great Eastern,FEMALE,41,CLERK,MARRIED,4,35000,15000,HOUSING,300000,5600
Great Eastern,FEMALE,42,CLERK,MARRIED,4,35000,15000,HOUSING,300000,5600
Great Eastern,FEMALE,42,TEACHER,MARRIED,3,35500,27187,GOLD LOAN,314714,63843
Great Eastern,FEMALE,42,BANK MANAGER,SINGLE,2,35735,47037,RESTAURANT,312839,31432
Great Eastern,FEMALE,42,NURSE,SINGLE,6,51199,15753,COMPUTER SOFTWARES,331716,57156
Great Eastern,FEMALE,42,FIRE DEPARTMENT,MARRIED,6,57890,32456,HOME APPLIANCES,345789,32456
Great Eastern,FEMALE,42,EXECUTIVE,MARRIED,4,59534,33239,EDUCATIONAL LOAN,349976,18405
Great Eastern,FEMALE,42,SOFTWARE ENGINEER,MARRIED,2,38170,19224,SHOPPING,329277,57381
Great Eastern,FEMALE,42,SOFTWARE ENGINEER,MARRIED,2,52168,29991,GOLD LOAN,343770,20972
Great Eastern,FEMALE,42,TECHNICIAN,MARRIED,3,35938,21048,RESTAURANTS,330589,46120
Great Eastern,FEMALE,42,TECHNICIAN,SINGLE,5,34721,14789,TRAVELLING,332838,67426
Great Eastern,FEMALE,42,PILOT,SINGLE,4,35221,28164,DINNING,340060,17476
Great Eastern,FEMALE,43,TEACHER,MARRIED,4,45389,43518,HOME APPLIANCES,350050,24000
Great Eastern,FEMALE,43,CHARTERED APPRAISER,MARRIED,2,45889,44256,HOUSING,347254,37966
Great Eastern,FEMALE,43,CHARTERED APPRAISER,SINGLE,2,46389,42256,EDUCATIONAL LOAN,347254,37966
Great Eastern,FEMALE,43,CLERK,MARRIED,3,46889,24020,DINNING,404473,34322
Great Eastern,FEMALE,43,ELECTRICIAN,MARRIED,4,30000,15000,HOUSING,354789,32154
Great Eastern,FEMALE,43,ELECTRICIAN,MARRIED,4,30000,15000,HOUSING,354789,32154
Great Eastern,FEMALE,43,BANK MANAGER,MARRIED,5,63070,25306,TRAVELLING,387941,15604
AIA,FEMALE,43,FARMER,SINGLE,5,78294,40744,BUILDING,418598,23866
Great Eastern,FEMALE,44,PUBLIC WORKS,MARRIED,4,58000,27000,TRAVELLING,400000,19954
AIA,FEMALE,44,BUSINESS,SINGLE,7,34444,45690,SHOPPING,380248,15020
Great Eastern,FEMALE,44,PRODUCT ENGINEER,MARRIED,2,78863,17361,DINNING,427457,48783
Great Eastern,FEMALE,44,DIETICIAN,SINGLE,3,46841,24989,TRAVELLING,400085,41436
Great Eastern,FEMALE,44,TEACHER,SINGLE,3,45008,17454,AUTOMOBILE,399435,51987
Great Eastern,FEMALE,44,TEACHER,SINGLE,3,45008,17454,AUTOMOBILE,399435,51987
Great Eastern,FEMALE,44,TEACHER,SINGLE,3,45008,17454,AUTOMOBILE,399435,51987
Great Eastern,FEMALE,44,TEACHER,SINGLE,3,45008,17454,AUTOMOBILE,399435,51987
Great Eastern,FEMALE,44,FIRE DEPARTMENT,MARRIED,5,54123,43518,RESTAURANTS,412365,18524
Great Eastern,FEMALE,44,AIRPORT OFFICER,SINGLE,4,40000,18888,RESTAURANTS,400000,11111
Great Eastern,FEMALE,44,SOFTWARE ENGINEER,SINGLE,4,40000,22000,GOLD LOAN,400000,15647
Great Eastern,FEMALE,45,DIETICIAN,SINGLE,3,40060,23989,GOLD LOAN,400085,41436
Great Eastern,FEMALE,45,PUBLIC WORKS,MARRIED,4,38000,20000,GOLD LOAN,400000,19954
Great Eastern,FEMALE,45,PUBLIC WORKS,MARRIED,4,38000,20000,GOLD LOAN,400000,19954
Great Eastern,FEMALE,45,PUBLIC WORKS,MARRIED,4,38000,20000,GOLD LOAN,400000,19954
Great Eastern,FEMALE,45,TECHNICIAN,SINGLE,5,79363,18706,BUSINESS,442793,18431
AIA,FEMALE,45,SOFTWARE ENGINEER,MARRIED,4,80720,34362,RESTAURANTS,453798,85688
Great Eastern,FEMALE,45,AIRPORT OFFICER,MARRIED,5,73093,19194,COMPUTER SOFTWARES,446448,27801
Great Eastern,FEMALE,46,TEACHER,SINGLE,3,41227,19187,HOUSING,414714,53843
Great Eastern,FEMALE,46,PRODUCT ENGINEER,MARRIED,5,44130,27092,SHOPPING,426730,76010
AIA,FEMALE,46,NAVY,WIDOWED,2,71171,26078,RESTAURANT,456808,58510
Great Eastern,FEMALE,46,PUBLIC WORKS,SINGLE,3,45228,27839,SHOPPING,439976,57559
Great Eastern,FEMALE,46,DOCTOR,MARRIED,2,74657,46762,RESTAURANT,474793,56338
Great Eastern,FEMALE,46,EXECUTIVE,SINGLE,5,78975,49225,BUSINESS,479113,64563
Great Eastern,FEMALE,47,NUTRITION,MARRIED,6,55650,31245,TRAVELLING,456780,23456
Great Eastern,FEMALE,47,DOCTOR,MARRIED,5,57453,43518,TRAVELLING,462585,72488
Great Eastern,FEMALE,47,POLICE,WIDOWED,3,44945,25513,GOLD LOAN,453196,54235
Great Eastern,FEMALE,47,TECHNICIAN,MARRIED,2,46379,25348,COMPUTER SOFTWARES,456414,32127
Great Eastern,FEMALE,47,ACCOUNTANT,MARRIED,5,45670,21345,TRAVELLING,456780,34560
Great Eastern,FEMALE,47,TEACHER,MARRIED,4,45678,23456,TRAVELLING,456790,24560
Great Eastern,FEMALE,47,POLICE,MARRIED,6,43763,25191,AUTOMOBILE,460038,35153
Great Eastern,FEMALE,48,CLERK,MARRIED,5,49076,18730,HOUSING,467795,64234
Great Eastern,FEMALE,48,TEACHER,MARRIED,5,82815,42751,HOUSING,505610,87828
Great Eastern,FEMALE,49,DIETICIAN,MARRIED,6,79079,32351,GOLD LOAN,505972,75523
Income,FEMALE,50,ACCOUNT MANAGER,MARRIED,3,55475,28095,DINNING,484774,81050
Income,FEMALE,50,TEACHER,SINGLE,5,74609,20444,RESTAURANTS,507036,51858
Income,FEMALE,50,DRIVER,MARRIED,6,45838,27788,HOME APPLIANCES,482282,36338
Income,FEMALE,51,TEACHER,MARRIED,7,64528,21231,TRAVELLING,506450,64918
Income,FEMALE,51,NURSE,MARRIED,6,34999,19888,HOUSING,477870,50000
Income,FEMALE,51,CIVIL ENGINEER,MARRIED,7,46880,18559,DINNING,495013,36419
Income,FEMALE,51,AIRPORT OFFICER,SINGLE,4,67445,23826,HOME APPLIANCES,515970,79454
Income,FEMALE,51,DIETICIAN,SINGLE,3,67945,43086,RESTAURANTS,488076,61227
Income,FEMALE,51,DIETICIAN,SINGLE,3,68445,53086,HOUSING,488076,61227
Income,FEMALE,51,NAVY,MARRIED,5,70823,23243,DINNING,537238,37626
Income,FEMALE,52,NAVY,WIDOWED,2,75171,36078,RESTAURANT,556808,58510
Income,FEMALE,52,FARMER,SINGLE,5,62304,34392,RESTAURANT,549605,12990
Income,FEMALE,52,SOFTWARE ENGINEER,MARRIED,2,62804,23080,COMPUTER SOFTWARES,559276,66963
Income,FEMALE,52,NAVY,MARRIED,5,72345,43210,TRAVELLING,567890,24580
Income,FEMALE,52,CLERK,MARRIED,7,58409,28566,TRAVELLING,554177,15938
Income,FEMALE,53,AGRICULTURAL ENGINEER,MARRIED,4,58909,23866,AGRICULTURE,560187,31603
Income,FEMALE,53,ARMY,MARRIED,7,65750,23456,TRAVELLING,567890,34567
Income,FEMALE,53,AGRICULTURAL ENGINEER,WIDOWED,5,72052,45311,HOME APPLIANCES,576136,75822
Income,FEMALE,53,FIRE DEPARTMENT,MARRIED,4,44522,21803,COMPUTER SOFTWARES,554802,80968
Income,FEMALE,53,DENTIST,MARRIED,7,58465,43518,AUTOMOBILE,569189,27059
Income,FEMALE,54,CLERK,MARRIED,3,57807,27179,GOLD LOAN,568811,23536
Income,FEMALE,54,AGRICULTURAL ENGINEER,MARRIED,2,66610,35744,HOUSING,582943,28192
Income,FEMALE,54,TEACHER,MARRIED,5,70106,36733,HOME APPLIANCES,590732,37254
Income,FEMALE,54,AGRICULTURAL ENGINEER,MARRIED,2,70606,45744,HOUSING,582943,28192
Income,FEMALE,54,TEACHER,MARRIED,4,41673,19620,COMPUTER SOFTWARES,570664,43174
Income,FEMALE,54,DOCTOR,SINGLE,2,56856,23678,TRAVELLING,588690,87171
Income,FEMALE,54,DOCTOR,MARRIED,3,53852,28974,BOOK STORES,587831,72810
Income,FEMALE,54,PRODUCT ENGINEER,MARRIED,6,74044,16278,RESTAURANTS,609331,84319
Income,FEMALE,54,DOCTOR,MARRIED,4,35472,18340,SHOPPING,571540,52731
Income,FEMALE,54,TEACHER,MARRIED,7,54836,28984,ELECTRONICS,592037,32068
Income,FEMALE,54,ASSISTANT MANAGER,MARRIED,7,49612,29542,TRAVELLING,587412,65412
Income,FEMALE,54,ASSISTANT PROFESSOR,MARRIED,4,60999,22999,AUTOMOBILE,599934,9000
Income,FEMALE,54,ASSISTANT MANAGER,MARRIED,7,45612,39542,SHOPPING,587412,65412
Income,FEMALE,54,ASSISTANT MANAGER,MARRIED,7,45612,39542,SHOPPING,587412,65412
Income,FEMALE,54,ASSISTANT MANAGER,MARRIED,7,45612,39542,SHOPPING,587412,65412
Income,FEMALE,54,NAVY,SINGLE,7,78777,34159,AUTOMOBILE,622414,37436
Income,FEMALE,54,TEACHER,MARRIED,5,55767,22787,TRAVELLING,600000,11000
Income,FEMALE,54,ASSISTANT PROFESSOR,MARRIED,6,52361,34154,AUTOMOBILE,596851,0
Income,FEMALE,54,TEACHER,SINGLE,2,77923,20444,TRAVELLING,625226,34121
Income,FEMALE,54,ASSISTANT PROFESSOR,MARRIED,4,50999,22999,EDUCATIONAL LOAN,599934,9000
Income,FEMALE,55,ASSISTANT PROFESSOR,MARRIED,4,50999,22999,EDUCATIONAL LOAN,599934,9000
Income,FEMALE,55,DIETICIAN,SINGLE,3,50060,28989,HOUSING,600085,45436
Income,FEMALE,55,TEACHER,MARRIED,5,75250,26535,HOUSING,626586,56137
Income,FEMALE,55,TEACHER,MARRIED,5,52815,22751,HOUSING,605610,47828
Income,FEMALE,55,ARMY,SINGLE,6,72271,32082,HOUSING,625194,19300
Income,FEMALE,55,TEACHER,MARRIED,5,45767,12787,GOLD LOAN,600000,11000
Income,FEMALE,55,TEACHER,MARRIED,5,45767,12787,GOLD LOAN,600000,11000
Income,FEMALE,55,TEACHER,MARRIED,5,45767,12787,GOLD LOAN,600000,11000
Income,FEMALE,55,TEACHER,MARRIED,5,45767,12787,GOLD LOAN,600000,11000
Income,FEMALE,57,TEACHER,MARRIED,5,45767,12787,GOLD LOAN,600000,11000
Income,FEMALE,57,DENTIST,MARRIED,5,36742,18767,COMPUTER SOFTWARES,594320,31082
Income,FEMALE,57,CORPORATE OFFICER,MARRIED,2,48307,19509,SHOPPING,609193,41490
Income,FEMALE,58,NAVY,MARRIED,4,82458,44055,DINNING,649056,40103
Income,FEMALE,59,AGRICULTURAL ENGINEER,SINGLE,7,81960,14724,BUSINESS,649933,20801
Income,FEMALE,59,SOFTWARE ENGINEER,MARRIED,4,71210,25027,RESTAURANT,640375,34419
Income,FEMALE,59,TEACHER,MARRIED,7,79320,19187,DINNING,649791,18033
Income,FEMALE,59,SYSTEM MANAGER,MARRIED,6,74757,16763,RESTAURANTS,646956,38067
Income,FEMALE,59,DOCTOR,MARRIED,3,76820,27222,BUSINESS,652716,44979
Income,FEMALE,59,STORE KEEPER,MARRIED,6,35918,19202,SHOPPING,612770,31774
Raffles,FEMALE,60,FIRE DEPARTMENT,MARRIED,2,80000,25318,SHOPPING,660937,28195
AXA,MALE,24,PROFESSOR,MARRIED,4,35247,25554,EDUCATIONAL LOAN,618956,19014
AXA,MALE,24,BANK MANAGER,MARRIED,6,68125,41246,TRAVELLING,652147,16524
AXA,MALE,24,BANK MANAGER,MARRIED,6,64125,21246,TRAVELLING,652147,16524
AXA,MALE,24,BANK MANAGER,MARRIED,6,64125,51246,TRAVELLING,652147,16524
AXA,MALE,24,DOCTOR,MARRIED,3,32753,26219,SHOPPING,621260,76545
AXA,MALE,24,CLERK,MARRIED,3,33253,21707,RESTAURANTS,639794,22093
AXA,MALE,24,CLERK,MARRIED,3,51301,17208,RESTAURANTS,642497,12809
AXA,MALE,24,DIETICIAN,MARRIED,6,55617,22596,RESTAURANTS,649849,32176
AXA,MALE,25,BANK MANAGER,MARRIED,6,57697,15734,HOME APPLIANCES,653065,16304
AXA,MALE,25,BANK MANAGER,MARRIED,2,42792,22559,GOLD LOAN,642016,84023
AXA,MALE,25,SYSTEM ENGINEER,MARRIED,4,52364,45612,GOLD LOAN,654725,67451
AXA,MALE,25,SYSTEM ENGINEER,MARRIED,4,52364,45612,GOLD LOAN,654725,67451
AXA,MALE,25,EXECUTIVE,MARRIED,7,57749,47280,BUSINESS,661461,79932
AXA,MALE,25,BANK MANAGER,MARRIED,4,75250,29865,RESTAURANTS,679040,34000
AXA,MALE,25,TEACHER,MARRIED,3,50000,42563,RESTAURANTS,654120,45127
AXA,MALE,25,FIRE DEPARTMENT,MARRIED,6,67890,34567,TRAVELLING,678500,13560
AXA,MALE,26,BANK MANAGER,MARRIED,4,67500,25780,AUTOMOBILE,679040,34000
AXA,MALE,26,AIRPORT OFFICER,MARRIED,7,66314,29648,EDUCATIONAL LOAN,677934,58193
AXA,MALE,26,POLICE,MARRIED,3,33312,21921,DINNING,645167,26766
AXA,MALE,26,SOFTWARE ENGINEER,MARRIED,4,59512,36373,RESTAURANTS,677000,45098
AXA,MALE,26,ACCOUNTANT,MARRIED,4,57555,37068,HOME APPLIANCES,675232,70922
AXA,MALE,26,CHARTERED APPRAISER,MARRIED,7,75630,35346,RESTAURANTS,695573,35538
AXA,MALE,27,DIETICIAN,SINGLE,7,51301,30975,RESTAURANT,677291,25850
AXA,MALE,27,DIETICIAN,MARRIED,6,51801,49940,SHOPPING,707716,29454
AXA,MALE,27,AGRICULTURAL ENGINEER,SINGLE,6,52301,49481,HOUSING,679588,21091
AXA,MALE,28,TEACHER,SINGLE,7,43518,43518,TRAVELLING,681886,56090
AXA,MALE,28,SOFTWARE ENGINEER,MARRIED,2,79363,33569,BUSINESS,723786,47624
AXA,MALE,28,NAVY,MARRIED,3,39213,26716,HOUSING,685819,23887
AXA,MALE,28,BANK MANAGER,SINGLE,7,39713,37935,EDUCATIONAL LOAN,688435,74874
AXA,MALE,28,CLERK,SINGLE,6,47550,25286,HOUSING,696818,49464
AXA,MALE,28,SOFTWARE ENGINEER,SINGLE,4,68199,33464,ELECTRONICS,719010,46384
AXA,MALE,28,TEACHER,MARRIED,7,34836,18984,ELECTRONICS,692037,42068
AXA,MALE,29,POLICE,MARRIED,4,43581,20619,RESTAURANTS,701924,50215
AXA,MALE,29,SOFTWARE ENGINEER,SINGLE,4,81210,21027,RESTAURANT,740375,35419
AXA,MALE,29,PROFESSOR,MARRIED,4,69401,28234,SHOPPING,733568,38457
AXA,MALE,29,SOFTWARE ENGINEER,SINGLE,4,75210,26027,HOUSING,740375,35419
AXA,MALE,29,DATA ANALYST,MARRIED,3,56036,16416,AUTOMOBILE,723504,54456
AXA,MALE,29,DOCTOR,MARRIED,6,75000,44541,BUILDING,745213,19541
AXA,MALE,29,TEACHER,SINGLE,5,51564,20097,AUTOMOBILE,722907,56157
AXA,MALE,29,SYSTEM MANAGER,MARRIED,5,69163,29339,HOME APPLIANCES,740836,67935
AXA,MALE,29,CLERK,MARRIED,3,81182,25773,HOUSING,755157,41755
AXA,MALE,29,CLERK,MARRIED,3,47361,19718,TRAVELLING,722040,21323
AXA,MALE,29,DOCTOR,MARRIED,6,70000,12541,HOUSING,745213,19541
AXA,MALE,29,DOCTOR,MARRIED,6,70000,33541,BUILDING,745213,19541
AXA,MALE,29,PRODUCT ENGINEER,MARRIED,2,48613,21617,BUILDING,723932,10154
AXA,MALE,29,BANK MANAGER,MARRIED,4,49113,48072,GOLD LOAN,729793,51976
AXA,MALE,29,POLICE,MARRIED,2,60403,15913,SHOPPING,738306,54387
AXA,MALE,29,DOCTOR,MARRIED,4,72154,45286,AUTOMOBILE,754126,19524
Prudential,MALE,30,DOCTOR,MARRIED,4,72154,45286,AUTOMOBILE,754126,19524
Prudential,MALE,30,DOCTOR,MARRIED,3,66820,22222,BUSINESS,752716,44979
Prudential,MALE,30,TEACHER,MARRIED,7,31747,17995,COMPUTER SOFTWARES,720712,66706
Prudential,MALE,30,DOCTOR,MARRIED,5,67500,35670,HOUSING,756890,45670
Prudential,MALE,30,NURSE,MARRIED,5,46841,43518,ELECTRONICS,736842,79728
Prudential,MALE,30,ASSISTANT PROFESSOR,MARRIED,4,44090,19351,TRAVELLING,734412,15510
Prudential,MALE,30,TEACHER,MARRIED,6,45916,17535,COMPUTER SOFTWARES,738313,86160
Prudential,MALE,30,NAVY,SINGLE,6,51862,21101,HOUSING,745152,57851
Prudential,MALE,30,BANK MANAGER,MARRIED,4,32571,48072,AGRICULTURE,729793,51976
Prudential,MALE,30,PILOT,MARRIED,6,33071,33705,COMPUTER SOFTWARES,769239,25536
Prudential,MALE,31,DOCTOR,MARRIED,6,46841,41541,BUILDING,745213,19541
Prudential,MALE,31,PRODUCT ENGINEER,MARRIED,4,42859,28441,AUTOMOBILE,745654,32078
Prudential,MALE,31,AIRPORT OFFICER,MARRIED,6,50000,43518,COMPUTER SOFTWARES,754507,37106
Prudential,MALE,31,TEACHER,MARRIED,7,40801,26025,AUTOMOBILE,745310,50509
Prudential,MALE,31,SYSTEM MANAGER,SINGLE,4,38401,27512,RESTAURANTS,744697,42166
Prudential,MALE,31,AGRICULTURAL ENGINEER,MARRIED,2,76610,46744,HOUSING,782943,38192
Prudential,MALE,31,SOFTWARE ENGINEER,SINGLE,5,50454,32210,SHOPPING,763036,36762
Prudential,MALE,31,DRIVER,MARRIED,4,39431,24007,AUTOMOBILE,753881,73586
Prudential,MALE,32,TEACHER,MARRIED,7,30801,23025,AUTOMOBILE,745310,60509
Prudential,MALE,32,BANK MANAGER,MARRIED,7,51346,21710,DINNING,766547,21170
Prudential,MALE,32,SYSTEM MANAGER,MARRIED,2,71477,28652,SHOPPING,786718,78821
Prudential,MALE,32,ACCOUNT MANAGER,MARRIED,4,45600,19870,HOME APPLIANCES,765040,35700
Prudential,MALE,32,TEACHER,MARRIED,6,77627,43518,TRAVELLING,800400,19990
Prudential,MALE,32,ASSISTANT MANAGER,MARRIED,4,83357,24925,HOUSING,808369,32196
Prudential,MALE,32,PRODUCT ENGINEER,MARRIED,6,62387,20925,AUTOMOBILE,791131,17412
Prudential,MALE,32,PRODUCT ENGINEER,MARRIED,4,55147,35863,COMPUTER SOFTWARES,785241,19999
Prudential,MALE,32,NAVY,SINGLE,4,79699,32482,AUTOMOBILE,810206,57206
Prudential,MALE,32,SOFTWARE ENGINEER,SINGLE,5,30454,22210,SHOPPING,763036,37762
Prudential,MALE,32,SOFTWARE ENGINEER,SINGLE,4,55680,29000,AUTOMOBILE,789000,24000
Prudential,MALE,32,PROFESSOR,MARRIED,2,56180,21896,TRAVELLING,814059,84640
Prudential,MALE,32,PRODUCT ENGINEER,MARRIED,4,50147,45863,COMPUTER SOFTWARES,785241,19999
Prudential,MALE,33,PRODUCT ENGINEER,MARRIED,4,50147,45863,COMPUTER SOFTWARES,785241,19999
Prudential,MALE,33,SOFTWARE ENGINEER,SINGLE,4,49680,25000,GOLD LOAN,789000,24000
Prudential,MALE,33,PRODUCT ENGINEER,SINGLE,6,75250,28140,AUTOMOBILE,819281,27586
Prudential,MALE,33,AIRPORT OFFICER,MARRIED,7,48749,18330,SHOPPING,793130,14684
Prudential,MALE,33,CLERK,MARRIED,5,40560,38789,TRAVELLING,785000,29650
Prudential,MALE,33,DENTIST,MARRIED,5,81507,25958,AGRICULTURE,831263,63833
Prudential,MALE,33,TEACHER,MARRIED,2,65610,46683,BUSINESS,828744,71913
Prudential,MALE,34,TEACHER,SINGLE,5,55564,28097,AUTOMOBILE,822907,56157
Prudential,MALE,34,POLICE,MARRIED,4,33581,21618,RESTAURANTS,801924,60215
Prudential,MALE,34,PRODUCT ENGINEER,MARRIED,5,78777,45812,AUTOMOBILE,852416,17524
Prudential,MALE,34,PRODUCT ENGINEER,MARRIED,5,74757,45812,SHOPPING,852416,17524
Prudential,MALE,34,DATA ANALYST,MARRIED,4,77671,24112,TRAVELLING,859268,89027
Prudential,MALE,34,ACCOUNT MANAGER,MARRIED,4,52568,17647,GOLD LOAN,837703,22579
Prudential,MALE,34,PILOT,SINGLE,2,53068,36744,GOLD LOAN,870287,34551
Prudential,MALE,34,NAVY,SINGLE,3,76184,37555,AUTOMOBILE,868435,34235
Prudential,MALE,34,CLERK,MARRIED,2,34447,18409,AUTOMOBILE,828512,54143
Prudential,MALE,34,BANK MANAGER,MARRIED,6,58697,35734,HOME APPLIANCES,853065,16304
Prudential,MALE,34,DENTIST,SINGLE,4,46196,26603,COMPUTER SOFTWARES,841132,60537
Prudential,MALE,34,SYSTEM OFFICER,MARRIED,5,56780,24560,GOLD LOAN,854000,23700
Prudential,MALE,35,NURSE,MARRIED,5,43323,27877,TRAVELLING,841365,56142
Prudential,MALE,35,BUSINESS,SINGLE,6,74775,27970,HOUSING,879114,47103
Prudential,MALE,35,BANK MANAGER,MARRIED,5,60740,31245,GOLD LOAN,867590,46700
Prudential,MALE,35,TEACHER,MARRIED,4,75831,27487,GOLD LOAN,882714,73794
Prudential,MALE,35,SOFTWARE ENGINEER,MARRIED,5,76331,22583,RESTAURANTS,851351,89679
Prudential,MALE,35,DOCTOR,MARRIED,5,66138,21787,COMPUTER SOFTWARES,876711,31792
Prudential,MALE,35,DRIVER,SINGLE,7,66638,48705,AUTOMOBILE,878858,43350
Prudential,MALE,35,ACCOUNT MANAGER,MARRIED,4,67138,35632,COMPUTER SOFTWARES,865478,20145
Prudential,MALE,36,CLERK,MARRIED,3,41182,22773,HOUSING,855157,41755
Prudential,MALE,36,BANK MANAGER,MARRIED,5,73070,26306,TRAVELLING,887941,10604
Prudential,MALE,36,ELECTRICIAN,MARRIED,5,67214,20246,COMPUTER SOFTWARES,890480,46654
Prudential,MALE,36,TEACHER,SINGLE,2,77986,47143,BUSINESS,903614,55757
Prudential,MALE,36,CLERK,MARRIED,6,40883,14258,BUSINESS,867253,15947
Prudential,MALE,36,POLICE,SINGLE,6,62641,36687,HOUSING,898353,26901
Prudential,MALE,37,SOFTWARE ENGINEER,MARRIED,7,62522,14748,COMPUTER SOFTWARES,898938,44000
Prudential,MALE,37,BUSINESS,MARRIED,3,61508,26048,GOLD LOAN,899791,40479
Prudential,MALE,37,POLICE,SINGLE,5,71214,12463,RESTAURANTS,910960,70423
Prudential,MALE,37,DOCTOR,MARRIED,5,60000,25000,HOUSING,900000,21000
Prudential,MALE,37,SOFTWARE ENGINEER,MARRIED,4,43587,24799,GOLD LOAN,885302,31190
Prudential,MALE,37,NURSE,MARRIED,6,42490,25775,TRAVELLING,890564,67559
Prudential,MALE,38,BUSINESS,MARRIED,3,51508,22048,GOLD LOAN,899791,40479
Prudential,MALE,39,PUBLIC WORKS,MARRIED,6,41645,25095,COMPUTER SOFTWARES,890578,59922
Prudential,MALE,39,DRIVER,SINGLE,6,48332,20763,RESTAURANT,899714,66030
Prudential,MALE,39,CIVIL ENGINEER,MARRIED,4,58784,18480,AUTOMOBILE,914252,84095
Prudential,MALE,39,DRIVER,SINGLE,5,45457,25922,GOLD LOAN,905203,30211
Prudential,MALE,39,DATA ANALYST,MARRIED,4,57097,16144,TRAVELLING,917886,89636
Prudential,MALE,39,NAVY,MARRIED,7,63656,19910,BUSINESS,937743,54523
Prudential,MALE,39,NAVY,MARRIED,4,80188,28352,GOLD LOAN,959366,20815
Great Eastern,MALE,40,BUSINESS,MARRIED,6,73769,38186,RESTAURANT,954392,81465
Great Eastern,MALE,40,CLERK,MARRIED,4,32714,23632,GOLD LOAN,914249,36394
Great Eastern,MALE,40,DOCTOR,MARRIED,7,62600,22775,HOUSING,950922,28527
Great Eastern,MALE,40,BUSINESS,MARRIED,6,63769,33186,GOLD LOAN,954392,81465
Great Eastern,MALE,40,DRIVER,MARRIED,5,30000,15426,TRAVELLING,921456,20000
Great Eastern,MALE,40,DRIVER,MARRIED,5,30000,15426,TRAVELLING,921456,20000
Great Eastern,MALE,40,DRIVER,MARRIED,5,30000,15426,GOLD LOAN,921456,20000
Great Eastern,MALE,40,PRODUCT ENGINEER,MARRIED,4,32859,18441,AUTOMOBILE,945654,42078
Great Eastern,MALE,41,SOFTWARE ENGINEER,SINGLE,3,100340,29521,GOLD LOAN,1015508,89069
Great Eastern,MALE,41,ASSISTANT PROFESSOR,MARRIED,5,65214,42589,HOUSING,985412,11254
Great Eastern,MALE,41,ASSISTANT PROFESSOR,MARRIED,5,65214,42589,HOUSING,985412,11254
Great Eastern,MALE,41,AIRPORT OFFICER,MARRIED,7,56314,19648,EDUCATIONAL LOAN,977934,78193
Great Eastern,MALE,41,ELECTRICIAN,MARRIED,2,56985,26648,ELECTRONICS,985413,20000
Great Eastern,MALE,41,DRIVER,MARRIED,2,38558,21169,EDUCATIONAL LOAN,968932,48649
Great Eastern,MALE,41,CHARTERED APPRAISER,MARRIED,2,39058,39463,AUTOMOBILE,989600,30686
Great Eastern,MALE,41,NAVY,SINGLE,2,39558,25280,GOLD LOAN,964109,80308
Great Eastern,MALE,41,CLERK,MARRIED,5,54529,27102,COMPUTER SOFTWARES,988339,22119
Great Eastern,MALE,42,ACCOUNT MANAGER,MARRIED,7,45777,18452,GOLD LOAN,987611,39999
Great Eastern,MALE,42,ACCOUNT MANAGER,MARRIED,7,45777,18452,GOLD LOAN,987611,39999
Great Eastern,MALE,42,ACCOUNT MANAGER,MARRIED,7,45777,18452,GOLD LOAN,987611,39999
Great Eastern,MALE,42,ELECTRICIAN,MARRIED,2,36985,25648,AUTOMOBILE,985413,20000
Great Eastern,MALE,42,ELECTRICIAN,MARRIED,2,36985,25648,ELECTRONICS,985413,20000
Great Eastern,MALE,42,ELECTRICIAN,MARRIED,2,36985,25648,ELECTRONICS,985413,20000
Great Eastern,MALE,42,BANK MANAGER,SINGLE,4,50000,22199,HOUSING,1000000,42898
Great Eastern,MALE,42,DOCTOR,MARRIED,7,46921,21274,ELECTRONICS,999698,14360
Great Eastern,MALE,42,DENTIST,MARRIED,6,75640,32456,HOUSING,1035600,35400
Great Eastern,MALE,42,ACCOUNTANT,MARRIED,4,51568,29607,HOUSING,1013760,33446
Great Eastern,MALE,42,PILOT,SINGLE,2,76333,37037,BUSINESS,1042400,34044
Great Eastern,MALE,42,DOCTOR,SINGLE,2,76833,22248,GOLD LOAN,1044964,63105
Great Eastern,MALE,43,DOCTOR,SINGLE,4,55407,24413,HOUSING,1042737,57977
Great Eastern,MALE,43,TEACHER,MARRIED,3,34275,29967,BOOK STORES,1021994,39955
Great Eastern,MALE,43,CIVIL ENGINEER,MARRIED,4,34775,13999,HOUSING,1065577,19999
Great Eastern,MALE,43,CIVIL ENGINEER,MARRIED,4,35275,13999,HOUSING,1065577,19999
Great Eastern,MALE,43,CIVIL ENGINEER,MARRIED,4,35775,13999,HOUSING,1065577,19999
Great Eastern,MALE,43,PILOT,SINGLE,2,36275,47037,BUSINESS,1042400,34044
Great Eastern,MALE,43,DOCTOR,SINGLE,7,68366,30258,TRAVELLING,1059986,20611
Great Eastern,MALE,43,BANK MANAGER,MARRIED,6,68866,36035,HOUSING,1080007,19931
Great Eastern,MALE,44,PILOT,MARRIED,7,73647,45007,EDUCATIONAL LOAN,1083523,25317
Great Eastern,MALE,44,DATA ENGINEER,MARRIED,6,55675,25670,HOUSING,1067890,34670
Great Eastern,MALE,44,SOFTWARE ENGINEER,SINGLE,5,76970,35379,GOLD LOAN,1090886,13994
Great Eastern,MALE,44,EXECUTIVE,SINGLE,2,57460,48959,BUSINESS,1073372,72858
Great Eastern,MALE,44,ELECTRICIAN,MARRIED,5,70449,43518,GOLD LOAN,1092176,64685
Great Eastern,MALE,44,SOFTWARE ENGINEER,SINGLE,5,70949,30379,GOLD LOAN,1090886,13994
Great Eastern,MALE,44,FIRE DEPARTMENT,MARRIED,2,77805,16699,HOUSING,1115164,87189
Great Eastern,MALE,44,DATA ENGINEER,MARRIED,7,62760,21568,GOLD LOAN,1111608,36170
Great Eastern,MALE,44,DIETICIAN,SINGLE,3,63260,16863,BUSINESS,1118207,32059
Great Eastern,MALE,44,TECHNICIAN,MARRIED,3,37938,33048,RESTAURANTS,1130589,46120
Great Eastern,MALE,44,DOCTOR,SINGLE,4,50407,34413,AGRICULTURE,1143937,57977
Great Eastern,MALE,45,POLICE,MARRIED,5,58501,28744,GOLD LOAN,1160365,55397
Great Eastern,MALE,45,BUSINESS,MARRIED,3,59001,49473,HOUSING,1178327,18187
Great Eastern,MALE,45,DATA ENGINEER,MARRIED,3,47668,35078,COMPUTER SOFTWARES,1151809,18320
Great Eastern,MALE,45,EXECUTIVE,SINGLE,2,67460,45959,BUSINESS,1173372,62858
Great Eastern,MALE,45,CLERK,MARRIED,7,61207,15955,GOLD LOAN,1172914,20405
Great Eastern,MALE,45,TEACHER,MARRIED,5,75106,16733,HOME APPLIANCES,1190732,57254
Great Eastern,MALE,45,CHARTERED APPRAISER,SINGLE,2,75606,40734,DINNING,1193808,23946
Great Eastern,MALE,45,SOFTWARE ENGINEER,SINGLE,3,76106,42591,TRAVELLING,1179496,58257
Great Eastern,MALE,45,SOFTWARE ENGINEER,MARRIED,4,39512,26373,RESTAURANTS,1177000,48098
Great Eastern,MALE,45,DRIVER,MARRIED,6,40838,25788,AGRICULTURE,1182282,37338
Great Eastern,MALE,45,DRIVER,MARRIED,6,35838,19788,AGRICULTURE,1182282,37338
Great Eastern,MALE,45,BUSINESS,MARRIED,2,36338,22796,RESTAURANT,1192379,14820
Great Eastern,MALE,46,ASSISTANT MANAGER,MARRIED,5,59392,25605,GOLD LOAN,1219814,39948
Great Eastern,MALE,46,TEACHER,MARRIED,6,46619,18675,HOUSING,1209867,29999
Great Eastern,MALE,46,DRIVER,SINGLE,7,45362,35895,HOUSING,1216455,83458
Great Eastern,MALE,47,TEACHER,MARRIED,5,45862,20185,GOLD LOAN,1218291,71089
Great Eastern,MALE,47,EXECUTIVE,MARRIED,4,63078,31903,EDUCATIONAL LOAN,1244717,30314
Great Eastern,MALE,47,PROFESSOR,SINGLE,5,62145,31254,BOOK STORES,1245789,48596
Great Eastern,MALE,47,PROFESSOR,SINGLE,5,62145,31254,AUTOMOBILE,1245789,48596
Great Eastern,MALE,47,SOFTWARE ENGINEER,SINGLE,2,31107,21316,GOLD LOAN,1216788,76049
Great Eastern,MALE,47,PRODUCT ENGINEER,MARRIED,4,67184,17813,HOUSING,1254038,80008
Great Eastern,MALE,48,NURSE,MARRIED,5,36784,43518,HOUSING,1232534,60243
Great Eastern,MALE,48,BANK MANAGER,SINGLE,3,68918,30676,AUTOMOBILE,1265945,16997
Great Eastern,MALE,48,PILOT,MARRIED,7,83647,43007,EDUCATIONAL LOAN,1283523,28317
Great Eastern,MALE,48,PILOT,MARRIED,7,63647,41007,AGRICULTURE,1283523,28317
Great Eastern,MALE,48,BUSINESS,MARRIED,4,46477,43292,HOUSING,1268582,70231
Great Eastern,MALE,49,DOCTOR,SINGLE,4,60111,27111,TRAVELLING,1290929,18000
Great Eastern,MALE,49,CHARTERED APPRAISER,SINGLE,4,58661,42768,GOLD LOAN,1290966,72021
Great Eastern,MALE,49,DRIVER,MARRIED,2,35558,16169,GOLD LOAN,1268932,48649
Great Eastern,MALE,49,DATA ANALYST,MARRIED,6,31948,19502,HOUSING,1286679,79111
Great Eastern,MALE,49,BUSINESS,MARRIED,6,66922,26423,AGRICULTURE,1322197,12086
Great Eastern,MALE,49,TEACHER,MARRIED,3,57578,23000,EDUCATIONAL LOAN,1314542,68060
Great Eastern,MALE,49,TEACHER,SINGLE,2,46182,33404,RESTAURANTS,1337967,75552
Great Eastern,MALE,49,BUSINESS,MARRIED,3,78777,19473,HOUSING,1378327,18187
Great Eastern,MALE,49,CHARTERED APPRAISER,MARRIED,2,81225,29463,GOLD LOAN,1389600,30686
Great Eastern,MALE,49,PILOT,SINGLE,7,81725,39629,RESTAURANT,1392577,85269
Great Eastern,MALE,49,PILOT,SINGLE,7,82225,49629,HOUSING,1392577,25269
Great Eastern,MALE,49,CLERK,SINGLE,5,51555,12052,EDUCATIONAL LOAN,1377455,29981
Great Eastern,MALE,49,NAVY,SINGLE,4,77699,12482,AUTOMOBILE,1410206,57206
Income,MALE,50,DOCTOR,MARRIED,7,63495,12411,SHOPPING,1404969,74273
Income,MALE,50,PILOT,MARRIED,4,63745,17148,AUTOMOBILE,1406697,74279
Income,MALE,51,CHARTERED APPRAISER,SINGLE,5,74179,31530,BUSINESS,1428709,66854
Income,MALE,51,EXECUTIVE,MARRIED,5,78167,33036,BUSINESS,1447560,20435
Income,MALE,51,POLICE,SINGLE,4,80769,41529,AGRICULTURE,1458057,74975
Income,MALE,51,TECHNICIAN,MARRIED,2,76379,28348,COMPUTER SOFTWARES,1456414,32127
Income,MALE,51,ARMY,MARRIED,3,76879,21107,GOLD LOAN,1474593,73518
Income,MALE,51,DRIVER,SINGLE,4,61021,16440,RESTAURANTS,1470269,59449
Income,MALE,51,CLERK,MARRIED,3,42792,15247,RESTAURANTS,1452637,13547
Income,MALE,51,TEACHER,MARRIED,2,63953,18376,RESTAURANTS,1479399,69956
Income,MALE,51,POLICE,SINGLE,5,38501,48744,GOLD LOAN,1460365,55397
Income,MALE,51,DATA ENGINEER,MARRIED,7,82760,23568,GOLD LOAN,1513708,56170
Income,MALE,51,POLICE,WIDOWED,2,57319,30980,HOUSING,1488726,57758
Income,MALE,52,ACCOUNTANT,SINGLE,5,75290,35549,HOUSING,1522824,71187
Income,MALE,52,TEACHER,SINGLE,7,53832,18748,GOLD LOAN,1503911,50787
Income,MALE,52,TECHNICIAN,MARRIED,6,41819,23703,GOLD LOAN,1496478,16378
Income,MALE,52,FIRE DEPARTMENT,MARRIED,5,63213,26457,TRAVELLING,1524789,90000
Income,MALE,52,FIRE DEPARTMENT,MARRIED,5,45213,32457,TRAVELLING,1524789,90000
Income,MALE,52,FIRE DEPARTMENT,MARRIED,5,45213,32457,TRAVELLING,1524789,90000
Income,MALE,52,FIRE DEPARTMENT,MARRIED,5,45213,32457,TRAVELLING,1524789,90000
Income,MALE,53,FIRE DEPARTMENT,MARRIED,5,43213,22457,TRAVELLING,1524789,90000
Income,MALE,53,ACCOUNTANT,SINGLE,3,76844,27358,RESTAURANT,1582924,73033
Income,MALE,54,TEACHER,MARRIED,4,42978,29709,GOLD LOAN,1552596,44746
Income,MALE,54,TEACHER,MARRIED,3,68366,19339,GOLD LOAN,1585799,82089
Income,MALE,54,TECHNICIAN,MARRIED,6,80241,41526,AUTOMOBILE,1599511,87885
Income,MALE,54,ACCOUNT MANAGER,MARRIED,4,800000,15632,AUTOMOBILE,2365478,20145
Income,MALE,54,ACCOUNT MANAGER,MARRIED,4,800000,15632,COMPUTER SOFTWARES,2365478,20145
Income,MALE,54,ACCOUNT MANAGER,MARRIED,4,800000,15632,COMPUTER SOFTWARES,2365478,20145
Income,MALE,54,DATA ANALYST,MARRIED,2,80438,27773,GOLD LOAN,1649570,79727
Income,MALE,54,SYSTEM ENGINEER,MARRIED,6,76800,43518,TRAVELLING,1659080,29000
Income,MALE,54,TECHNICIAN,MARRIED,7,79600,41011,BUSINESS,1663696,13355
Income,MALE,54,ACCOUNTANT,SINGLE,7,43350,31632,AUTOMOBILE,1630901,79235
Income,MALE,54,TECHNICIAN,SINGLE,3,42304,21760,BUSINESS,1630952,21031
Income,MALE,55,FARMER,MARRIED,5,42804,34686,TRAVELLING,1632809,54198
Income,MALE,55,DOCTOR,MARRIED,2,51829,32429,BUSINESS,1643435,16469
Income,MALE,55,NAVY,SINGLE,3,52329,47555,AUTOMOBILE,1668435,54235
Income,MALE,55,NAVY,MARRIED,7,47356,28491,GOLD LOAN,1648683,59025
Income,MALE,55,CHARTERED APPRAISER,SINGLE,6,65023,49118,RESTAURANTS,1670805,45808
Income,MALE,55,SOFTWARE ENGINEER,MARRIED,2,76637,45083,EDUCATIONAL LOAN,1692266,23537
Income,MALE,56,SOFTWARE ENGINEER,MARRIED,2,71637,41083,EDUCATIONAL LOAN,1692266,23537
Income,MALE,56,CHARTERED APPRAISER,MARRIED,7,65630,30346,RESTAURANTS,1695573,49538
Income,MALE,56,DOCTOR,SINGLE,7,28366,29258,GOLD LOAN,1659986,20611
Income,MALE,56,BUSINESS,MARRIED,6,37585,36062,GOLD LOAN,1672628,13765
Income,MALE,56,SOFTWARE ENGINEER,SINGLE,4,38085,43464,ELECTRONICS,1719010,86384
Income,MALE,56,ACCOUNTANT,SINGLE,7,46086,27201,AGRICULTURE,1682942,29654
Income,MALE,56,AIRPORT OFFICER,MARRIED,7,46586,28032,HOUSING,1691451,64718
Income,MALE,56,DIETICIAN,SINGLE,3,47086,41529,GOLD LOAN,1694354,35876
Income,MALE,56,AGRICULTURAL ENGINEER,MARRIED,7,47586,47790,GOLD LOAN,1724031,75334
Income,MALE,56,SOFTWARE ENGINEER,MARRIED,2,69663,23569,BUSINESS,1723786,47624
Income,MALE,56,ACCOUNT MANAGER,MARRIED,4,700000,15632,COMPUTER SOFTWARES,2365478,20145
Income,MALE,56,PILOT,MARRIED,2,81714,43790,GOLD LOAN,1749832,58061
Income,MALE,56,BUSINESS,SINGLE,2,53957,34709,GOLD LOAN,1765055,37815
Income,MALE,56,PILOT,MARRIED,6,54457,43705,COMPUTER SOFTWARES,1769239,20536
Income,MALE,57,DRIVER,SINGLE,2,47217,16575,GOLD LOAN,1773297,40373
Income,MALE,57,BANK MANAGER,SINGLE,5,29565,19490,HOUSING,1767908,72653
Income,MALE,58,AIRPORT OFFICER,MARRIED,6,81000,62541,DINNING,2045789,16599
Income,MALE,58,AIRPORT OFFICER,MARRIED,6,80000,32541,AUTOMOBILE,2045789,16599
Income,MALE,58,AIRPORT OFFICER,MARRIED,6,80000,62541,AUTOMOBILE,2045789,16599
Income,MALE,58,AIRPORT OFFICER,MARRIED,6,80000,62541,HOUSING,2045789,16599
Income,MALE,58,AIRPORT OFFICER,MARRIED,6,80000,62541,HOUSING,2045789,16599
Income,MALE,58,AIRPORT OFFICER,MARRIED,6,80000,42541,HOUSING,2045789,16599
Income,MALE,58,AIRPORT OFFICER,MARRIED,6,80000,39541,HOUSING,2045789,16599
Income,MALE,59,MANAGER,SINGLE,3,42516,24567,AUTOMOBILE,2569874,89652
Income,MALE,59,MANAGER,SINGLE,3,42516,24567,EDUCATIONAL LOAN,2569874,89652
Income,MALE,59,TEACHER,MARRIED,4,59999,42568,AUTOMOBILE,5214789,17452
Income,MALE,59,CORPORATE OFFICER,MARRIED,3,52143,43518,COMPUTER SOFTWARES,7541236,11111
Income,MALE,59,CORPORATE OFFICER,MARRIED,3,52143,43518,AUTOMOBILE,7541236,11111
Raffles,FEMALE,61,CLERK,MARRIED,3,750000,25641,GOLD LOAN,214569,16324
Raffles,FEMALE,61,BANK MANAGER,MARRIED,4,930000,35680,HOUSING,679040,34000
Raffles,FEMALE,64,PRODUCT ENGINEER,MARRIED,6,118927,29000,SHOPPING,80660,4500
Raffles,FEMALE,64,SOFTWARE ENGINEER,MARRIED,6,112333,29000,COMPUTER SOFTWARES,80660,4500
Raffles,FEMALE,64,DRIVER,MARRIED,3,42792,25854,GOLD LOAN,15350,64906
Raffles,FEMALE,64,PRODUCT ENGINEER,MARRIED,6,105739,29000,COMPUTER SOFTWARES,80660,4500
Raffles,FEMALE,64,DATA ANALYST,SINGLE,4,60111,28999,AUTOMOBILE,35232,33333
Raffles,FEMALE,64,DATA ANALYST,SINGLE,4,60111,28999,RESTAURANTS,35232,33333
Raffles,FEMALE,64,DATA ANALYST,SINGLE,4,60111,28999,RESTAURANTS,35232,33333
Raffles,FEMALE,64,CLERK,MARRIED,7,78409,18566,TRAVELLING,54177,15938
Raffles,FEMALE,64,TEACHER,MARRIED,5,50099,29999,RESTAURANTS,30999,12000
Raffles,FEMALE,65,TEACHER,MARRIED,5,48099,19999,RESTAURANTS,30999,12000
Raffles,FEMALE,66,TEACHER,MARRIED,5,48099,19999,RESTAURANTS,30999,12000
Raffles,FEMALE,66,TEACHER,MARRIED,5,48099,19999,RESTAURANTS,30999,12000
Raffles,FEMALE,66,TEACHER,MARRIED,5,48099,19999,RESTAURANTS,30999,12000
Raffles,FEMALE,66,TEACHER,MARRIED,5,48099,19999,RESTAURANTS,30999,12000
Raffles,FEMALE,66,TEACHER,MARRIED,5,48099,19999,TRAVELLING,30999,12000
Raffles,FEMALE,66,TEACHER,MARRIED,5,45099,21999,RESTAURANTS,30999,12000
Raffles,FEMALE,67,PROFESSOR,MARRIED,6,59000,19999,AUTOMOBILE,50000,33999
Raffles,FEMALE,67,ASSISTANT PROFESSOR,MARRIED,6,54999,25888,SHOPPING,47787,50000
Raffles,FEMALE,67,PROFESSOR,MARRIED,6,51000,19999,SHOPPING,50000,33999
Raffles,FEMALE,67,PROFESSOR,MARRIED,6,51000,19999,SHOPPING,50000,33999
Raffles,FEMALE,67,SYSTEM MANAGER,MARRIED,3,59999,29111,ELECTRONICS,60676,13000
Raffles,FEMALE,68,PRODUCT ENGINEER,MARRIED,6,79363,29000,COMPUTER SOFTWARES,80660,4500
AXA,FEMALE,68,SOFTWARE ENGINEER,MARRIED,5,55999,23999,AUTOMOBILE,60999,0
Raffles,FEMALE,68,SOFTWARE ENGINEER,MARRIED,5,55999,23999,HOME APPLIANCES,60999,0
Raffles,FEMALE,68,SOFTWARE ENGINEER,MARRIED,6,74757,32000,COMPUTER SOFTWARES,80660,4500
Raffles,FEMALE,68,NURSE,MARRIED,6,38999,24888,SHOPPING,47787,50000
Raffles,FEMALE,69,SYSTEM MANAGER,MARRIED,3,49999,19111,RESTAURANTS,60676,13000
Raffles,FEMALE,69,SYSTEM MANAGER,MARRIED,3,49999,19111,ELECTRONICS,60676,13000
Raffles,FEMALE,69,SYSTEM MANAGER,MARRIED,3,49999,19111,ELECTRONICS,60676,13000
Raffles,FEMALE,69,SYSTEM MANAGER,MARRIED,3,49999,19111,ELECTRONICS,60676,13000
Raffles,FEMALE,69,NURSE,MARRIED,6,34999,19888,AUTOMOBILE,47787,50000
Raffles,FEMALE,69,NURSE,MARRIED,6,34999,19888,TRAVELLING,47787,50000
Raffles,FEMALE,69,NURSE,MARRIED,6,34999,19888,SHOPPING,47787,50000
Raffles,FEMALE,69,NURSE,MARRIED,6,34999,19888,SHOPPING,47787,50000
Raffles,MALE,64,ASSISTANT PROFESSOR,MARRIED,6,34999,19888,SHOPPING,47787,50000
Raffles,MALE,64,DENTIST,SINGLE,3,58450,27675,TRAVELLING,75000,20876
Raffles,MALE,64,DENTIST,SINGLE,3,58450,27675,TRAVELLING,75000,20876
Raffles,MALE,64,DENTIST,SINGLE,3,58450,27675,TRAVELLING,75000,20876
Raffles,MALE,64,SYSTEM MANAGER,MARRIED,3,39999,19111,AUTOMOBILE,60676,13000
Raffles,MALE,64,PRODUCT ENGINEER,MARRIED,6,40499,29000,COMPUTER SOFTWARES,80660,4500
Raffles,MALE,64,SYSTEM OFFICER,MARRIED,6,75250,32541,EDUCATIONAL LOAN,102256,14256
Prudential,MALE,64,SYSTEM OFFICER,MARRIED,6,75250,32541,EDUCATIONAL LOAN,102256,14256
Raffles,MALE,65,SYSTEM OFFICER,MARRIED,6,75250,35541,EDUCATIONAL LOAN,102256,14256
Raffles,MALE,65,PRODUCT ENGINEER,MARRIED,6,75750,29000,SHOPPING,80660,4500
Raffles,MALE,65,PRODUCT ENGINEER,MARRIED,6,76250,26000,COMPUTER SOFTWARES,80660,4500
Raffles,MALE,65,PRODUCT ENGINEER,MARRIED,6,76750,29000,AUTOMOBILE,80660,4500
Raffles,MALE,65,FIRE DEPARTMENT,MARRIED,4,40000,18888,AUTOMOBILE,70000,0
Raffles,MALE,65,BANK MANAGER,MARRIED,4,45999,14500,TRAVELLING,79999,6700
Raffles,MALE,65,BANK MANAGER,MARRIED,4,45999,14500,TRAVELLING,79999,6700
Raffles,MALE,65,BANK MANAGER,MARRIED,4,45999,14500,HOME APPLIANCES,79999,6700
Raffles,MALE,66,BANK MANAGER,MARRIED,4,45999,14500,TRAVELLING,79999,6700
Raffles,MALE,66,DIETICIAN,MARRIED,2,46499,24376,BUILDING,95270,30385
Raffles,MALE,66,FARMER,SINGLE,3,51162,12591,AGRICULTURE,104758,75535
Raffles,MALE,66,CLERK,SINGLE,3,35000,9000,GOLD LOAN,100000,12584
Prudential,MALE,66,FARMER,MARRIED,7,35500,40246,AGRICULTURE,109000,28764
Raffles,MALE,66,DATA ENGINEER,SINGLE,6,42827,36410,RESTAURANT,125982,75739
Raffles,MALE,67,TEACHER,SINGLE,4,49370,21720,SHOPPING,140556,40378
Raffles,MALE,67,TECHNICIAN,MARRIED,5,30000,43518,RESTAURANTS,125463,52634
Raffles,MALE,67,TECHNICIAN,MARRIED,5,30000,43518,AUTOMOBILE,125463,52634
Raffles,MALE,68,SOFTWARE ENGINEER,MARRIED,7,50568,30010,RESTAURANT,146770,37354
Raffles,MALE,68,SOFTWARE ENGINEER,MARRIED,7,49568,44010,RESTAURANT,146770,37354
Raffles,MALE,68,ARMY,SINGLE,6,67129,16487,BUSINESS,167995,37222
Raffles,MALE,68,BUSINESS,MARRIED,4,50604,19918,HOUSING,164081,16514
Raffles,MALE,68,BANK MANAGER,MARRIED,5,68366,19326,DINNING,188617,38410
Raffles,MALE,68,BUSINESS,MARRIED,5,35407,21876,GOLD LOAN,157459,36058
Prudential,MALE,68,STORE KEEPER,SINGLE,5,40999,11999,BOOK STORES,167654,4500
Raffles,MALE,69,STORE KEEPER,SINGLE,5,40999,11999,AUTOMOBILE,167654,4500
Prudential,MALE,69,STORE KEEPER,SINGLE,5,40999,11999,BOOK STORES,167654,4500
Raffles,MALE,69,STORE KEEPER,SINGLE,5,40999,11999,BOOK STORES,167654,4500
Raffles,MALE,69,TEACHER,SINGLE,4,35020,26286,SHOPPING,162449,22862
Raffles,MALE,69,CHARTERED APPRAISER,SINGLE,5,70952,15709,RESTAURANT,204833,20711
Raffles,MALE,69,TEACHER,SINGLE,3,69961,27078,AUTOMOBILE,208327,13594
Raffles,MALE,69,BUSINESS,MARRIED,5,35407,21876,GOLD LOAN,177459,56058
Raffles,MALE,69,DRIVER,SINGLE,5,38687,17562,HOUSING,180826,81601
Raffles,MALE,69,BANK MANAGER,MARRIED,6,55670,32500,TRAVELLING,200560,34600
Raffles,MALE,69,SOFTWARE ENGINEER,SINGLE,5,56000,22376,SHOPPING,206750,23450
Prudential,MALE,69,POLICE,SINGLE,4,45521,43518,AUTOMOBILE,200000,43898
Prudential,MALE,69,POLICE,SINGLE,4,44521,11999,AUTOMOBILE,200000,43898
Prudential,MALE,69,POLICE,SINGLE,4,43521,11999,AUTOMOBILE,200000,43898
Prudential,MALE,69,POLICE,SINGLE,4,43521,11999,AUTOMOBILE,200000,43898
Raffles,MALE,69,POLICE,SINGLE,4,43521,11999,AUTOMOBILE,200000,43898
Prudential,MALE,69,DENTIST,SINGLE,7,49744,23564,COMPUTER SOFTWARES,207979,36588
AIA,FEMALE,71,CLERK,MARRIED,7,42751,21265,RESTAURANT,203787,70319
AIA,FEMALE,71,DENTIST,MARRIED,7,41247,20755,GOLD LOAN,227503,80114
AIA,FEMALE,74,TEACHER,MARRIED,5,70000,40000,GOLD LOAN,257789,10058
AIA,FEMALE,74,TEACHER,MARRIED,4,48192,36581,RESTAURANT,236617,21270
AIA,FEMALE,74,DATA ENGINEER,SINGLE,2,48692,12102,RESTAURANT,233604,46408
AIA,FEMALE,74,DIETICIAN,SINGLE,2,102334,17725,BUSINESS,312602,44634
AIA,FEMALE,74,POLICE,MARRIED,6,33763,31191,AUTOMOBILE,260038,49153
AIA,FEMALE,74,BANK MANAGER,SINGLE,6,55639,23775,HOUSING,284938,80269
AIA,FEMALE,74,CIVIL ENGINEER,MARRIED,6,75415,29047,ELECTRONICS,312842,60993
Income,FEMALE,74,DRIVER,MARRIED,3,420792,26854,GOLD LOAN,658350,54906
AIA,FEMALE,74,PILOT,SINGLE,4,83053,22355,BOOK STORES,323075,84997
AIA,FEMALE,75,FARMER,SINGLE,5,76294,45744,BUILDING,318598,23866
AIA,FEMALE,72,DATA ENGINEER,SINGLE,2,74264,37747,RESTAURANTS,321040,55582
AIA,FEMALE,72,ARMY,MARRIED,5,74764,32845,GOLD LOAN,324055,63046
AIA,FEMALE,72,TEACHER,MARRIED,5,48099,19999,RESTAURANTS,300999,12000
AIA,FEMALE,72,CLERK,MARRIED,4,45300,15000,HOUSING,300000,5600
AIA,FEMALE,72,FARMER,MARRIED,5,73656,18108,HOUSING,328952,84200
AIA,FEMALE,73,DOCTOR,SINGLE,4,79580,43518,SHOPPING,339171,84824
AIA,FEMALE,73,DOCTOR,SINGLE,4,77580,43518,SHOPPING,339171,84824
AIA,FEMALE,73,CLERK,MARRIED,4,38000,19000,HOUSING,300000,5600
AIA,FEMALE,73,TEACHER,SINGLE,3,51227,17187,GOLD LOAN,314714,63843
AIA,FEMALE,73,PILOT,SINGLE,4,75993,22164,DINNING,340060,17476
AIA,FEMALE,73,CLERK,MARRIED,4,35000,15000,HOUSING,300000,5600
AIA,FEMALE,75,CLERK,MARRIED,4,35000,15000,HOUSING,300000,5600
Great Eastern,FEMALE,75,TEACHER,MARRIED,3,35500,27187,GOLD LOAN,314714,63843
Great Eastern,FEMALE,75,BANK MANAGER,SINGLE,2,35735,47037,RESTAURANT,312839,31432
AIA,FEMALE,75,NURSE,SINGLE,6,51199,15753,COMPUTER SOFTWARES,331716,57156
AIA,FEMALE,75,FIRE DEPARTMENT,MARRIED,6,57890,32456,HOME APPLIANCES,345789,32456
AIA,FEMALE,75,EXECUTIVE,MARRIED,4,59534,33239,EDUCATIONAL LOAN,349976,18405
AIA,FEMALE,75,SOFTWARE ENGINEER,MARRIED,2,38170,19224,SHOPPING,329277,57381
AIA,FEMALE,70,SOFTWARE ENGINEER,MARRIED,2,52168,29991,GOLD LOAN,343770,20972
AIA,FEMALE,70,TECHNICIAN,MARRIED,3,35938,21048,RESTAURANTS,330589,46120
AIA,FEMALE,70,TECHNICIAN,SINGLE,5,34721,14789,TRAVELLING,332838,67426
AIA,FEMALE,70,PILOT,SINGLE,4,35221,28164,DINNING,340060,17476
AIA,FEMALE,70,TEACHER,MARRIED,4,45389,43518,HOME APPLIANCES,350050,24000
Great Eastern,FEMALE,70,CHARTERED APPRAISER,MARRIED,2,45889,44256,HOUSING,347254,37966
AIA,MALE,74,CHARTERED APPRAISER,SINGLE,2,46389,42256,EDUCATIONAL LOAN,347254,37966
AIA,MALE,74,CLERK,MARRIED,3,46889,24020,DINNING,404473,34322
AIA,MALE,74,ELECTRICIAN,MARRIED,4,30000,15000,HOUSING,354789,32154
AIA,MALE,74,ELECTRICIAN,MARRIED,4,30000,15000,HOUSING,354789,32154
AIA,MALE,74,BANK MANAGER,MARRIED,5,63070,25306,TRAVELLING,387941,15604
AIA,MALE,74,FARMER,SINGLE,5,78294,40744,BUILDING,418598,23866
AIA,MALE,74,PUBLIC WORKS,MARRIED,4,58000,27000,TRAVELLING,400000,19954
AIA,MALE,74,BUSINESS,SINGLE,7,34444,45690,SHOPPING,380248,15020
AIA,MALE,75,PRODUCT ENGINEER,MARRIED,2,78863,17361,DINNING,427457,48783
AIA,MALE,75,DIETICIAN,SINGLE,3,46841,24989,TRAVELLING,400085,41436
AIA,MALE,75,TEACHER,SINGLE,3,45008,17454,AUTOMOBILE,399435,51987
AIA,MALE,75,TEACHER,SINGLE,3,45008,17454,AUTOMOBILE,399435,51987
AIA,MALE,75,TEACHER,SINGLE,3,45008,17454,AUTOMOBILE,399435,51987
AIA,MALE,75,TEACHER,SINGLE,3,45008,17454,AUTOMOBILE,399435,51987
AIA,MALE,75,FIRE DEPARTMENT,MARRIED,5,54123,43518,RESTAURANTS,412365,18524
AIA,MALE,75,AIRPORT OFFICER,SINGLE,4,40000,18888,RESTAURANTS,400000,11111
AIA,MALE,72,SOFTWARE ENGINEER,SINGLE,4,40000,22000,GOLD LOAN,400000,15647
AIA,MALE,72,DIETICIAN,SINGLE,3,40060,23989,GOLD LOAN,400085,41436
AIA,MALE,72,PUBLIC WORKS,MARRIED,4,38000,20000,GOLD LOAN,400000,19954
AIA,MALE,72,PUBLIC WORKS,MARRIED,4,38000,20000,GOLD LOAN,400000,19954
AIA,MALE,72,PUBLIC WORKS,MARRIED,4,38000,20000,GOLD LOAN,400000,19954
AIA,MALE,72,TECHNICIAN,SINGLE,5,79363,18706,BUSINESS,442793,18431
AIA,MALE,72,SOFTWARE ENGINEER,MARRIED,4,80720,34362,RESTAURANTS,453798,85688
AIA,MALE,72,AIRPORT OFFICER,MARRIED,5,73093,19194,COMPUTER SOFTWARES,446448,27801
AIA,MALE,72,TEACHER,SINGLE,3,41227,19187,HOUSING,414714,53843
AIA,MALE,78,PRODUCT ENGINEER,MARRIED,5,44130,27092,SHOPPING,426730,76010
AIA,MALE,75,NAVY,WIDOWED,2,71171,26078,RESTAURANT,456808,58510
Great Eastern,MALE,75,PUBLIC WORKS,SINGLE,3,45228,27839,SHOPPING,439976,57559
AIA,MALE,75,DOCTOR,MARRIED,2,74657,46762,RESTAURANT,474793,56338
AIA,MALE,75,EXECUTIVE,SINGLE,5,78975,49225,BUSINESS,479113,64563
Great Eastern,MALE,75,NUTRITION,MARRIED,6,55650,31245,TRAVELLING,456780,23456
AIA,MALE,75,DOCTOR,MARRIED,5,57453,43518,TRAVELLING,462585,72488
Great Eastern,MALE,75,POLICE,WIDOWED,3,44945,25513,GOLD LOAN,453196,54235
AIA,MALE,75,TECHNICIAN,MARRIED,2,46379,25348,COMPUTER SOFTWARES,456414,32127
AIA,MALE,70,ACCOUNTANT,MARRIED,5,45670,21345,TRAVELLING,456780,34560
AIA,MALE,70,TEACHER,MARRIED,4,45678,23456,TRAVELLING,456790,24560
AIA,MALE,70,POLICE,MARRIED,6,43763,25191,AUTOMOBILE,460038,35153
AIA,MALE,70,CLERK,MARRIED,5,49076,18730,HOUSING,467795,64234
AIA,MALE,70,TEACHER,MARRIED,5,82815,42751,HOUSING,505610,87828
AIA,MALE,70,DIETICIAN,MARRIED,6,79079,32351,GOLD LOAN,505972,75523
AIA,MALE,70,ACCOUNT MANAGER,MARRIED,3,55475,28095,DINNING,484774,81050
AIA,MALE,70,TEACHER,SINGLE,5,74609,20444,RESTAURANTS,507036,51858
AIA,MALE,70,DRIVER,MARRIED,6,45838,27788,HOME APPLIANCES,482282,36338
AIA,MALE,73,TEACHER,MARRIED,7,64528,21231,TRAVELLING,506450,64918
AIA,MALE,73,NURSE,MARRIED,6,34999,19888,HOUSING,477870,50000
AIA,MALE,71,CIVIL ENGINEER,MARRIED,7,46880,18559,DINNING,495013,36419
AIA,MALE,71,AIRPORT OFFICER,SINGLE,4,67445,23826,HOME APPLIANCES,515970,79454
AIA,MALE,71,DIETICIAN,SINGLE,3,67945,43086,RESTAURANTS,488076,61227
