Insurance Provider,Gender,Age
AXA,FEMALE,21
AXA,FEMALE,21
AXA,FEMALE,24
AXA,FEMALE,24
AXA,FEMALE,24
AXA,FEMALE,24
AXA,FEMALE,24
AXA,FEMALE,24
AXA,FEMALE,24
AXA,FEMALE,24
AXA,FEMALE,24
AXA,FEMALE,25
AXA,FEMALE,26
AXA,FEMALE,26
AXA,FEMALE,26
AXA,FEMALE,26
AXA,FEMALE,26
AXA,FEMALE,26
AXA,FEMALE,27
AXA,FEMALE,27
AXA,FEMALE,27
AXA,FEMALE,27
AXA,FEMALE,27
AXA,FEMALE,28
AXA,FEMALE,28
AXA,FEMALE,28
AXA,FEMALE,28
AXA,FEMALE,28
AXA,FEMALE,29
AXA,FEMALE,29
AXA,FEMALE,29
AXA,FEMALE,29
AXA,FEMALE,29
AXA,FEMALE,29
AXA,FEMALE,29
AXA,FEMALE,29
Prudential,FEMALE,30
Prudential,FEMALE,30
Prudential,FEMALE,30
Prudential,FEMALE,30
Prudential,FEMALE,30
Prudential,FEMALE,30
Prudential,FEMALE,30
Prudential,FEMALE,30
Prudential,FEMALE,31
Prudential,FEMALE,31
Prudential,FEMALE,31
Prudential,FEMALE,31
Prudential,FEMALE,31
Prudential,FEMALE,31
Prudential,FEMALE,31
Prudential,FEMALE,32
Prudential,FEMALE,32
Prudential,FEMALE,32
Prudential,FEMALE,32
Prudential,FEMALE,32
Prudential,FEMALE,32
Prudential,FEMALE,32
Prudential,FEMALE,32
Prudential,FEMALE,33
Prudential,FEMALE,33
Prudential,FEMALE,33
Prudential,FEMALE,33
Prudential,FEMALE,33
Prudential,FEMALE,33
Prudential,FEMALE,33
Prudential,FEMALE,33
Prudential,FEMALE,34
Prudential,FEMALE,34
Prudential,FEMALE,35
Prudential,FEMALE,35
Prudential,FEMALE,36
Prudential,FEMALE,36
Prudential,FEMALE,36
Prudential,FEMALE,36
Prudential,FEMALE,36
Prudential,FEMALE,36
Prudential,FEMALE,36
Prudential,FEMALE,37
Prudential,FEMALE,37
Prudential,FEMALE,37
Prudential,FEMALE,37
Prudential,FEMALE,37
Prudential,FEMALE,38
Prudential,FEMALE,38
Prudential,FEMALE,38
Prudential,FEMALE,38
Prudential,FEMALE,38
Prudential,FEMALE,38
Prudential,FEMALE,38
Prudential,FEMALE,39
Prudential,FEMALE,39
Prudential,FEMALE,39
Prudential,FEMALE,39
Prudential,FEMALE,39
Prudential,FEMALE,39
Prudential,FEMALE,39
Prudential,FEMALE,39
Prudential,FEMALE,39
Prudential,FEMALE,39
Prudential,FEMALE,39
Prudential,FEMALE,39
Great Eastern,FEMALE,40
Great Eastern,FEMALE,40
Great Eastern,FEMALE,41
Great Eastern,FEMALE,41
Great Eastern,FEMALE,41
Great Eastern,FEMALE,42
Great Eastern,FEMALE,42
Great Eastern,FEMALE,42
Great Eastern,FEMALE,42
Great Eastern,FEMALE,42
Great Eastern,FEMALE,42
Great Eastern,FEMALE,42
Great Eastern,FEMALE,42
Great Eastern,FEMALE,42
Great Eastern,FEMALE,42
Great Eastern,FEMALE,42
Great Eastern,FEMALE,43
Great Eastern,FEMALE,43
Great Eastern,FEMALE,43
Great Eastern,FEMALE,43
Great Eastern,FEMALE,43
Great Eastern,FEMALE,43
Great Eastern,FEMALE,43
Great Eastern,FEMALE,43
Great Eastern,FEMALE,44
Great Eastern,FEMALE,44
Great Eastern,FEMALE,44
Great Eastern,FEMALE,44
Great Eastern,FEMALE,44
Great Eastern,FEMALE,44
Great Eastern,FEMALE,44
Great Eastern,FEMALE,44
Great Eastern,FEMALE,44
Great Eastern,FEMALE,44
Great Eastern,FEMALE,44
Great Eastern,FEMALE,45
Great Eastern,FEMALE,45
Great Eastern,FEMALE,45
Great Eastern,FEMALE,45
Great Eastern,FEMALE,45
Great Eastern,FEMALE,45
Great Eastern,FEMALE,45
Great Eastern,FEMALE,46
Great Eastern,FEMALE,46
Great Eastern,FEMALE,46
Great Eastern,FEMALE,46
Great Eastern,FEMALE,46
Great Eastern,FEMALE,46
Great Eastern,FEMALE,47
Great Eastern,FEMALE,47
Great Eastern,FEMALE,47
Great Eastern,FEMALE,47
Great Eastern,FEMALE,47
Great Eastern,FEMALE,47
Great Eastern,FEMALE,47
Great Eastern,FEMALE,48
Great Eastern,FEMALE,48
Great Eastern,FEMALE,49
Income,FEMALE,50
Income,FEMALE,50
Income,FEMALE,50
Income,FEMALE,51
Income,FEMALE,51
Income,FEMALE,51
Income,FEMALE,51
Income,FEMALE,51
Income,FEMALE,51
Income,FEMALE,51
Income,FEMALE,52
Income,FEMALE,52
Income,FEMALE,52
Income,FEMALE,52
Income,FEMALE,52
Income,FEMALE,53
Income,FEMALE,53
Income,FEMALE,53
Income,FEMALE,53
Income,FEMALE,53
Income,FEMALE,54
Income,FEMALE,54
Income,FEMALE,54
Income,FEMALE,54
Income,FEMALE,54
Income,FEMALE,54
Income,FEMALE,54
Income,FEMALE,54
Income,FEMALE,54
Income,FEMALE,54
Income,FEMALE,54
Income,FEMALE,54
Income,FEMALE,54
Income,FEMALE,54
Income,FEMALE,54
Income,FEMALE,54
Income,FEMALE,54
Income,FEMALE,54
Income,FEMALE,54
Income,FEMALE,54
Income,FEMALE,55
Income,FEMALE,55
Income,FEMALE,55
Income,FEMALE,55
Income,FEMALE,55
Income,FEMALE,55
Income,FEMALE,55
Income,FEMALE,55
Income,FEMALE,55
Income,FEMALE,57
Income,FEMALE,57
Income,FEMALE,57
Income,FEMALE,58
Income,FEMALE,59
Income,FEMALE,59
Income,FEMALE,59
Income,FEMALE,59
Income,FEMALE,59
Income,FEMALE,59
Raffles,FEMALE,60
AXA,MALE,24
AXA,MALE,24
AXA,MALE,24
AXA,MALE,24
AXA,MALE,24
AXA,MALE,24
AXA,MALE,24
AXA,MALE,24
AXA,MALE,25
AXA,MALE,25
AXA,MALE,25
AXA,MALE,25
AXA,MALE,25
AXA,MALE,25
AXA,MALE,25
AXA,MALE,25
AXA,MALE,26
AXA,MALE,26
AXA,MALE,26
AXA,MALE,26
AXA,MALE,26
AXA,MALE,26
AXA,MALE,27
AXA,MALE,27
AXA,MALE,27
AXA,MALE,28
AXA,MALE,28
AXA,MALE,28
AXA,MALE,28
AXA,MALE,28
AXA,MALE,28
AXA,MALE,28
AXA,MALE,29
AXA,MALE,29
AXA,MALE,29
AXA,MALE,29
AXA,MALE,29
AXA,MALE,29
AXA,MALE,29
AXA,MALE,29
AXA,MALE,29
AXA,MALE,29
AXA,MALE,29
AXA,MALE,29
AXA,MALE,29
AXA,MALE,29
AXA,MALE,29
AXA,MALE,29
Prudential,MALE,30
Prudential,MALE,30
Prudential,MALE,30
Prudential,MALE,30
Prudential,MALE,30
Prudential,MALE,30
Prudential,MALE,30
Prudential,MALE,30
Prudential,MALE,30
Prudential,MALE,30
Prudential,MALE,31
Prudential,MALE,31
Prudential,MALE,31
Prudential,MALE,31
Prudential,MALE,31
Prudential,MALE,31
Prudential,MALE,31
Prudential,MALE,31
Prudential,MALE,32
Prudential,MALE,32
Prudential,MALE,32
Prudential,MALE,32
Prudential,MALE,32
Prudential,MALE,32
Prudential,MALE,32
Prudential,MALE,32
Prudential,MALE,32
Prudential,MALE,32
Prudential,MALE,32
Prudential,MALE,32
Prudential,MALE,32
Prudential,MALE,33
Prudential,MALE,33
Prudential,MALE,33
Prudential,MALE,33
Prudential,MALE,33
Prudential,MALE,33
Prudential,MALE,33
Prudential,MALE,34
Prudential,MALE,34
Prudential,MALE,34
Prudential,MALE,34
Prudential,MALE,34
Prudential,MALE,34
Prudential,MALE,34
Prudential,MALE,34
Prudential,MALE,34
Prudential,MALE,34
Prudential,MALE,34
Prudential,MALE,34
Prudential,MALE,35
Prudential,MALE,35
Prudential,MALE,35
Prudential,MALE,35
Prudential,MALE,35
Prudential,MALE,35
Prudential,MALE,35
Prudential,MALE,35
Prudential,MALE,36
Prudential,MALE,36
Prudential,MALE,36
Prudential,MALE,36
Prudential,MALE,36
Prudential,MALE,36
Prudential,MALE,37
Prudential,MALE,37
Prudential,MALE,37
Prudential,MALE,37
Prudential,MALE,37
Prudential,MALE,37
Prudential,MALE,38
Prudential,MALE,39
Prudential,MALE,39
Prudential,MALE,39
Prudential,MALE,39
Prudential,MALE,39
Prudential,MALE,39
Prudential,MALE,39
Great Eastern,MALE,40
Great Eastern,MALE,40
Great Eastern,MALE,40
Great Eastern,MALE,40
Great Eastern,MALE,40
Great Eastern,MALE,40
Great Eastern,MALE,40
Great Eastern,MALE,40
Great Eastern,MALE,41
Great Eastern,MALE,41
Great Eastern,MALE,41
Great Eastern,MALE,41
Great Eastern,MALE,41
Great Eastern,MALE,41
Great Eastern,MALE,41
Great Eastern,MALE,41
Great Eastern,MALE,41
Great Eastern,MALE,42
Great Eastern,MALE,42
Great Eastern,MALE,42
Great Eastern,MALE,42
Great Eastern,MALE,42
Great Eastern,MALE,42
Great Eastern,MALE,42
Great Eastern,MALE,42
Great Eastern,MALE,42
Great Eastern,MALE,42
Great Eastern,MALE,42
Great Eastern,MALE,42
Great Eastern,MALE,43
Great Eastern,MALE,43
Great Eastern,MALE,43
Great Eastern,MALE,43
Great Eastern,MALE,43
Great Eastern,MALE,43
Great Eastern,MALE,43
Great Eastern,MALE,43
Great Eastern,MALE,44
Great Eastern,MALE,44
Great Eastern,MALE,44
Great Eastern,MALE,44
Great Eastern,MALE,44
Great Eastern,MALE,44
Great Eastern,MALE,44
Great Eastern,MALE,44
Great Eastern,MALE,44
Great Eastern,MALE,44
Great Eastern,MALE,44
Great Eastern,MALE,45
Great Eastern,MALE,45
Great Eastern,MALE,45
Great Eastern,MALE,45
Great Eastern,MALE,45
Great Eastern,MALE,45
Great Eastern,MALE,45
Great Eastern,MALE,45
Great Eastern,MALE,45
Great Eastern,MALE,45
Great Eastern,MALE,45
Great Eastern,MALE,45
Great Eastern,MALE,46
Great Eastern,MALE,46
Great Eastern,MALE,46
Great Eastern,MALE,47
Great Eastern,MALE,47
Great Eastern,MALE,47
Great Eastern,MALE,47
Great Eastern,MALE,47
Great Eastern,MALE,47
Great Eastern,MALE,48
Great Eastern,MALE,48
Great Eastern,MALE,48
Great Eastern,MALE,48
Great Eastern,MALE,48
Great Eastern,MALE,49
Great Eastern,MALE,49
Great Eastern,MALE,49
Great Eastern,MALE,49
Great Eastern,MALE,49
Great Eastern,MALE,49
Great Eastern,MALE,49
Great Eastern,MALE,49
Great Eastern,MALE,49
Great Eastern,MALE,49
Great Eastern,MALE,49
Great Eastern,MALE,49
Great Eastern,MALE,49
Income,MALE,50
Income,MALE,50
Income,MALE,51
Income,MALE,51
Income,MALE,51
Income,MALE,51
Income,MALE,51
Income,MALE,51
Income,MALE,51
Income,MALE,51
Income,MALE,51
Income,MALE,51
Income,MALE,51
Income,MALE,52
Income,MALE,52
Income,MALE,52
Income,MALE,52
Income,MALE,52
Income,MALE,52
Income,MALE,52
Income,MALE,53
Income,MALE,53
Income,MALE,54
Income,MALE,54
Income,MALE,54
Income,MALE,54
Income,MALE,54
Income,MALE,54
Income,MALE,54
Income,MALE,54
Income,MALE,54
Income,MALE,54
Income,MALE,54
Income,MALE,55
Income,MALE,55
Income,MALE,55
Income,MALE,55
Income,MALE,55
Income,MALE,55
Income,MALE,56
Income,MALE,56
Income,MALE,56
Income,MALE,56
Income,MALE,56
Income,MALE,56
Income,MALE,56
Income,MALE,56
Income,MALE,56
Income,MALE,56
Income,MALE,56
Income,MALE,56
Income,MALE,56
Income,MALE,56
Income,MALE,57
Income,MALE,57
Income,MALE,58
Income,MALE,58
Income,MALE,58
Income,MALE,58
Income,MALE,58
Income,MALE,58
Income,MALE,58
Income,MALE,59
Income,MALE,59
Income,MALE,59
Income,MALE,59
Income,MALE,59
Raffles,FEMALE,61
Raffles,FEMALE,61
Raffles,FEMALE,64
Raffles,FEMALE,64
Raffles,FEMALE,64
Raffles,FEMALE,64
Raffles,FEMALE,64
Raffles,FEMALE,64
Raffles,FEMALE,64
Raffles,FEMALE,64
Raffles,FEMALE,64
Raffles,FEMALE,65
Raffles,FEMALE,66
Raffles,FEMALE,66
Raffles,FEMALE,66
Raffles,FEMALE,66
Raffles,FEMALE,66
Raffles,FEMALE,66
Raffles,FEMALE,67
Raffles,FEMALE,67
Raffles,FEMALE,67
Raffles,FEMALE,67
Raffles,FEMALE,67
Raffles,FEMALE,68
Raffles,FEMALE,68
Raffles,FEMALE,68
Raffles,FEMALE,68
Raffles,FEMALE,68
Raffles,FEMALE,69
Raffles,FEMALE,69
Raffles,FEMALE,69
Raffles,FEMALE,69
Raffles,FEMALE,69
Raffles,FEMALE,69
Raffles,FEMALE,69
Raffles,FEMALE,69
Raffles,MALE,64
Raffles,MALE,64
Raffles,MALE,64
Raffles,MALE,64
Raffles,MALE,64
Raffles,MALE,64
Raffles,MALE,64
Raffles,MALE,64
Raffles,MALE,65
Raffles,MALE,65
Raffles,MALE,65
Raffles,MALE,65
Raffles,MALE,65
Raffles,MALE,65
Raffles,MALE,65
Raffles,MALE,65
Raffles,MALE,66
Raffles,MALE,66
Raffles,MALE,66
Raffles,MALE,66
Raffles,MALE,66
Raffles,MALE,66
Raffles,MALE,67
Raffles,MALE,67
Raffles,MALE,67
Raffles,MALE,68
Raffles,MALE,68
Raffles,MALE,68
Raffles,MALE,68
Raffles,MALE,68
Raffles,MALE,68
Raffles,MALE,68
Raffles,MALE,69
Raffles,MALE,69
Raffles,MALE,69
Raffles,MALE,69
Raffles,MALE,69
Raffles,MALE,69
Raffles,MALE,69
Raffles,MALE,69
Raffles,MALE,69
Raffles,MALE,69
Raffles,MALE,69
Raffles,MALE,69
Raffles,MALE,69
Raffles,MALE,69
Raffles,MALE,69
Raffles,MALE,69
AIA,FEMALE,71
AIA,FEMALE,71
AIA,FEMALE,74
AIA,FEMALE,74
AIA,FEMALE,74
AIA,FEMALE,74
AIA,FEMALE,74
AIA,FEMALE,74
AIA,FEMALE,74
AIA,FEMALE,74
AIA,FEMALE,74
AIA,FEMALE,75
AIA,FEMALE,72
AIA,FEMALE,72
AIA,FEMALE,72
AIA,FEMALE,72
AIA,FEMALE,72
AIA,FEMALE,73
AIA,FEMALE,73
AIA,FEMALE,73
AIA,FEMALE,73
AIA,FEMALE,73
AIA,FEMALE,73
AIA,FEMALE,75
AIA,FEMALE,75
AIA,FEMALE,75
AIA,FEMALE,75
AIA,FEMALE,75
AIA,FEMALE,75
AIA,FEMALE,75
AIA,FEMALE,70
AIA,FEMALE,70
AIA,FEMALE,70
AIA,FEMALE,70
AIA,FEMALE,70
AIA,FEMALE,70
AIA,MALE,74
AIA,MALE,74
AIA,MALE,74
AIA,MALE,74
AIA,MALE,74
AIA,MALE,74
AIA,MALE,74
AIA,MALE,74
AIA,MALE,75
AIA,MALE,75
AIA,MALE,75
AIA,MALE,75
AIA,MALE,75
AIA,MALE,75
AIA,MALE,75
AIA,MALE,75
AIA,MALE,72
AIA,MALE,72
AIA,MALE,72
AIA,MALE,72
AIA,MALE,72
AIA,MALE,72
AIA,MALE,72
AIA,MALE,72
AIA,MALE,72
AIA,MALE,78
AIA,MALE,75
AIA,MALE,75
AIA,MALE,75
AIA,MALE,75
AIA,MALE,75
AIA,MALE,75
AIA,MALE,75
AIA,MALE,75
AIA,MALE,70
AIA,MALE,70
AIA,MALE,70
AIA,MALE,70
AIA,MALE,70
AIA,MALE,70
AIA,MALE,70
AIA,MALE,70
AIA,MALE,70
AIA,MALE,73
AIA,MALE,73
AIA,MALE,71
AIA,MALE,71
AIA,MALE,71
