Customer_ID,Age,Gender,Occupation,Marital Status,Family Size,Income,Expenditure,Loan Category,Loan Amount,Pending Payemnt,Ward Type,Premium Price,Pre Hosp Cov,Post Hosp Cov,Annual Cov,Co Insurance,Deductible,Insurance Provider,Policy
1B14093,20,FEMALE,MANAGER,SINGLE,3,42516,24567,AUTOMOBILE,2569874,89652,Private,Very Important,Important,Important,Very Important,Very Important,Very Important,,AIA
1B14312,20,FEMALE,MANAGER,SINGLE,3,42516,24567,EDUCATIONAL LOAN,2569874,89652,Private,Important,Medium,Medium,Very Important,Very Important,Very Important,,AIA
IR14032,20,MALE,DATA ANALYST,SINGLE,4,60111,28999,AUTOMOBILE,35232,33333,Private,Medium,Important,Important,Unimportant,Medium,Unimportant,,AIA
IR14184,20,MALE,DATA ANALYST,SINGLE,4,60111,28999,RESTAURANTS,35232,33333,Private,Medium,Important,Important,Unimportant,Medium,Unimportant,,NTUC
IR14216,20,MALE,DATA ANALYST,SINGLE,4,60111,28999,RESTAURANTS,35232,33333,Private,Medium,Important,Important,Unimportant,Medium,Unimportant,,PRU
IR14911,20,FEMALE,SOFTWARE ENGINEER,SINGLE,5,56000,22376,SHOPPING,206750,23450,Private,Important,Important,Important,Important,Important,Important,,PRU
IR14029,20,FEMALE,TEACHER,SINGLE,3,45008,17454,AUTOMOBILE,399435,51987,Private,Important,Medium,Medium,Important,Important,Important,,PRU
IR14179,20,FEMALE,TEACHER,SINGLE,3,45008,17454,AUTOMOBILE,399435,51987,Private,Very Important,Important,Important,Important,Important,Important,,PRU
IR14231,20,FEMALE,TEACHER,SINGLE,3,45008,17454,AUTOMOBILE,399435,51987,Private,Very Important,Important,Important,Important,Important,Important,,NTUC
IR14466,20,MALE,PUBLIC WORKS,SINGLE,3,45228,27839,SHOPPING,439976,57559,Private,Very Important,Medium,Medium,Important,Important,Important,,AIA
IR14489,20,MALE,TEACHER,SINGLE,5,74609,20444,RESTAURANTS,507036,51858,Private,Unimportant,Important,Very Important,Medium,Important,Important,,NTUC
IR14510,20,MALE,AIRPORT OFFICER,SINGLE,4,67445,23826,HOME APPLIANCES,515970,79454,Private,Medium,Important,Very Important,Important,Important,Important,,PRU
IR14491,20,MALE,TEACHER,SINGLE,2,77923,20444,TRAVELLING,625226,34121,Private,Unimportant,Very Important,Very Important,Medium,Important,Important,,AIA
IR14378,20,FEMALE,CLERK,MARRIED,3,47361,19718,TRAVELLING,722040,21323,Private,Very Important,Medium,Medium,Important,Important,Important,,AIA
IR14436,20,FEMALE,SYSTEM MANAGER,SINGLE,4,38401,27512,RESTAURANTS,744697,42166,Private,Important,Medium,Medium,Medium,Medium,Medium,,AIA
IRI4155,20,FEMALE,SOFTWARE ENGINEER,SINGLE,4,55680,29000,AUTOMOBILE,789000,24000,Private,Important,Very Important,Very Important,Important,Important,Important,,PRU
IRI4294,20,FEMALE,SOFTWARE ENGINEER,SINGLE,4,49680,25000,GOLD LOAN,789000,24000,Private,Very Important,Very Important,Very Important,Important,Important,Important,,NTUC
IR14493,20,FEMALE,SOFTWARE ENGINEER,SINGLE,3,100340,29521,GOLD LOAN,1015508,89069,Private,Unimportant,Very Important,Very Important,Unimportant,Important,Important,,PRU
IR14440,20,MALE,SOFTWARE ENGINEER,SINGLE,2,31107,21316,GOLD LOAN,1216788,76049,Private,Important,Medium,Medium,Medium,Medium,Medium,,AIA
IR14079,20,MALE,CLERK,SINGLE,3,35000,9000,GOLD LOAN,100000,12584,Private,Very Important,Medium,Medium,Medium,Medium,Medium,,NTUC
IR14057,20,MALE,AIRPORT OFFICER,SINGLE,4,40000,18888,RESTAURANTS,400000,11111,Private,Very Important,Medium,Medium,Medium,Medium,Medium,,NTUC
IR14384,20,MALE,TEACHER,MARRIED,7,64528,21231,TRAVELLING,506450,64918,Private,Medium,Very Important,Very Important,Important,Important,Important,,NTUC
IR14365,20,MALE,CIVIL ENGINEER,MARRIED,7,46880,18559,DINNING,495013,36419,Private,Very Important,Medium,Medium,Important,Important,Important,,NTUC
IR14789,20,MALE,DRIVER,SINGLE,7,66638,48705,AUTOMOBILE,878858,43350,Private,Medium,Important,Very Important,Important,Important,Important,,NTUC
IR14089,20,MALE,PROFESSOR,SINGLE,5,62145,31254,BOOK STORES,1245789,48596,Private,Medium,Important,Important,Very Important,Very Important,Very Important,,AIA
IR14309,20,MALE,PROFESSOR,SINGLE,5,62145,31254,AUTOMOBILE,1245789,48596,Private,Medium,Very Important,Very Important,Very Important,Very Important,Very Important,,PRU
IR14042,20,FEMALE,DOCTOR,SINGLE,4,60111,27111,TRAVELLING,1290929,18000,Private,Medium,Important,Important,Very Important,Very Important,Very Important,,PRU
IR14652,20,MALE,ARMY,MARRIED,3,76879,21107,GOLD LOAN,1474593,73518,Private,Medium,Important,Very Important,Important,Very Important,Important,,PRU
IR14317,20,FEMALE,TEACHER,SINGLE,3,45008,17454,AUTOMOBILE,399435,51987,Private,Important,Medium,Medium,Important,Important,Important,,PRU
IR14716,20,MALE,DIETICIAN,SINGLE,3,67945,43086,RESTAURANTS,488076,61227,Private,Important,Medium,Medium,Medium,Medium,Medium,,NTUC
IR15024,20,MALE,DIETICIAN,SINGLE,3,68445,53086,HOUSING,488076,61227,Private,Very Important,Medium,Medium,Important,Important,Important,,NTUC
IR14761,20,FEMALE,BUSINESS,SINGLE,6,74775,27970,HOUSING,879114,47103,Private,Unimportant,Very Important,Very Important,Medium,Important,Important,,PRU
IR14745,20,FEMALE,CLERK,MARRIED,6,40883,14258,BUSINESS,867253,15947,Private,Very Important,Medium,Medium,Medium,Medium,Medium,,AIA
IR15014,20,FEMALE,BUSINESS,MARRIED,3,61508,26048,GOLD LOAN,899791,40479,Private,Medium,Very Important,Very Important,Important,Important,Important,,PRU
IR14387,20,MALE,SOFTWARE ENGINEER,MARRIED,4,43587,24799,GOLD LOAN,885302,31190,Private,Important,Medium,Medium,Important,Important,Important,,NTUC
IR14707,20,FEMALE,BUSINESS,MARRIED,3,51508,22048,GOLD LOAN,899791,40479,Private,Very Important,Very Important,Very Important,Important,Important,Important,,NTUC
IR14599,20,FEMALE,TECHNICIAN,MARRIED,6,41819,23703,GOLD LOAN,1496478,16378,Private,Important,Medium,Medium,Very Important,Very Important,Very Important,,NTUC
IR14797,20,MALE,ACCOUNTANT,SINGLE,7,43350,31632,AUTOMOBILE,1630901,79235,Private,Very Important,Important,Important,Very Important,Very Important,Very Important,,NTUC
IR14663,20,MALE,PILOT,MARRIED,2,81714,43790,GOLD LOAN,1749832,58061,Private,Unimportant,Very Important,Very Important,Unimportant,Very Important,Important,,NTUC
IR14685,20,MALE,BANK MANAGER,SINGLE,5,29565,19490,HOUSING,1767908,72653,Private,Important,Medium,Medium,Medium,Medium,Medium,,AIA
IR14751,20,FEMALE,DIETICIAN,SINGLE,2,102334,17725,BUSINESS,312602,44634,Private,Unimportant,Very Important,Very Important,Unimportant,Important,Medium,,NTUC
IR14138,20,FEMALE,SOFTWARE ENGINEER,SINGLE,4,40000,22000,GOLD LOAN,400000,15647,Private,Important,Medium,Medium,Medium,Medium,Medium,,NTUC
IR14766,20,FEMALE,EXECUTIVE,SINGLE,5,78975,49225,BUSINESS,479113,64563,Private,Unimportant,Very Important,Very Important,Unimportant,Important,Important,,NTUC
IR14671,20,FEMALE,DIETICIAN,MARRIED,6,79079,32351,GOLD LOAN,505972,75523,Private,Unimportant,Very Important,Very Important,Unimportant,Important,Important,,NTUC
IR14664,20,FEMALE,NAVY,MARRIED,7,63656,19910,BUSINESS,937743,54523,Private,Medium,Important,Very Important,Important,Important,Important,,NTUC
IR14996,20,MALE,DOCTOR,SINGLE,7,68366,30258,TRAVELLING,1059986,20611,Private,Unimportant,Very Important,Very Important,Important,Important,Important,,NTUC
IR14811,20,MALE,TECHNICIAN,MARRIED,7,79600,41011,BUSINESS,1663696,13355,Private,Unimportant,Very Important,Very Important,Unimportant,Very Important,Important,,NTUC
IR14693,20,MALE,DOCTOR,SINGLE,7,28366,29258,GOLD LOAN,1659986,20611,Private,Important,Medium,Medium,Medium,Medium,Medium,,NTUC
IR14983,20,MALE,BUSINESS,MARRIED,5,35407,21876,GOLD LOAN,157459,36058,Private,Very Important,Medium,Medium,Medium,Medium,Medium,,NTUC
IR14575,20,MALE,BUSINESS,MARRIED,5,35407,21876,GOLD LOAN,177459,56058,Private,Important,Medium,Medium,Medium,Medium,Medium,,AIA
IR14904,20,FEMALE,DOCTOR,MARRIED,2,74657,46762,RESTAURANT,474793,56338,Private,Unimportant,Very Important,Very Important,Medium,Important,Important,,NTUC
IR14673,20,FEMALE,TEACHER,MARRIED,4,41673,19620,COMPUTER SOFTWARES,570664,43174,Private,Very Important,Important,Important,Important,Important,Important,,NTUC
IR14597,20,MALE,DIETICIAN,MARRIED,6,55617,22596,RESTAURANTS,649849,32176,Private,Important,Very Important,Very Important,Important,Important,Important,,NTUC
IR14321,20,MALE,TEACHER,MARRIED,7,31747,17995,COMPUTER SOFTWARES,720712,66706,Private,Important,Medium,Medium,Medium,Medium,Medium,,PRU
IR14749,20,FEMALE,DOCTOR,MARRIED,7,62600,22775,HOUSING,950922,28527,Private,Medium,Important,Important,Important,Important,Important,,PRU
IR14645,20,MALE,DIETICIAN,SINGLE,3,63260,16863,BUSINESS,1118207,32059,Private,Medium,Very Important,Very Important,Very Important,Very Important,Very Important,,PRU
IR14809,20,FEMALE,ACCOUNTANT,SINGLE,3,76844,27358,RESTAURANT,1582924,73033,Private,Unimportant,Important,Very Important,Medium,Very Important,Important,,NTUC
IR14403,20,FEMALE,TEACHER,MARRIED,3,68366,19339,GOLD LOAN,1585799,82089,Private,Unimportant,Very Important,Very Important,Very Important,Very Important,Very Important,,NTUC
IR15019,20,MALE,SOFTWARE ENGINEER,MARRIED,2,76637,45083,EDUCATIONAL LOAN,1692266,23537,Private,Unimportant,Very Important,Very Important,Medium,Very Important,Important,,NTUC
IR14711,20,MALE,SOFTWARE ENGINEER,MARRIED,2,71637,41083,EDUCATIONAL LOAN,1692266,23537,Private,Unimportant,Important,Very Important,Medium,Very Important,Important,,NTUC
IR14331,20,MALE,BANK MANAGER,MARRIED,5,68366,19326,DINNING,188617,38410,Private,Unimportant,Important,Very Important,Important,Important,Important,,NTUC
IR14342,20,FEMALE,CIVIL ENGINEER,MARRIED,6,75415,29047,ELECTRONICS,312842,60993,Private,Unimportant,Important,Very Important,Medium,Important,Medium,,NTUC
IR14470,20,MALE,NURSE,SINGLE,6,51199,15753,COMPUTER SOFTWARES,331716,57156,Private,Very Important,Important,Important,Important,Important,Important,,PRU
IR14320,20,MALE,SOFTWARE ENGINEER,MARRIED,2,38170,19224,SHOPPING,329277,57381,Private,Very Important,Medium,Medium,Medium,Medium,Medium,,NTUC
IR14447,20,FEMALE,ACCOUNT MANAGER,MARRIED,3,55475,28095,DINNING,484774,81050,Private,Important,Important,Important,Important,Important,Important,,NTUC
IR14965,20,FEMALE,TEACHER,MARRIED,5,70106,36733,HOME APPLIANCES,590732,37254,Private,Unimportant,Very Important,Very Important,Important,Important,Important,,NTUC
IR15044,20,MALE,TEACHER,MARRIED,5,55767,22787,TRAVELLING,600000,11000,Private,Important,Important,Important,Important,Important,Important,,NTUC
IR14018,20,MALE,TEACHER,MARRIED,5,45767,12787,GOLD LOAN,600000,11000,Private,Very Important,Important,Important,Important,Important,Important,,NTUC
IR14189,20,MALE,TEACHER,MARRIED,5,45767,12787,GOLD LOAN,600000,11000,Private,Very Important,Important,Important,Important,Important,Important,,NTUC
IR14239,20,MALE,TEACHER,MARRIED,5,45767,12787,GOLD LOAN,600000,11000,Private,Very Important,Important,Important,Important,Important,Important,,NTUC
IR14258,20,MALE,TEACHER,MARRIED,5,45767,12787,GOLD LOAN,600000,11000,Private,Very Important,Important,Important,Important,Important,Important,,AIA
IR14301,20,MALE,TEACHER,MARRIED,5,45767,12787,GOLD LOAN,600000,11000,Private,Very Important,Important,Important,Important,Important,Important,,NTUC
IR14528,20,FEMALE,PROFESSOR,MARRIED,4,35247,25554,EDUCATIONAL LOAN,618956,19014,Private,Important,Medium,Medium,Medium,Medium,Medium,,NTUC
IR14953,20,MALE,SOFTWARE ENGINEER,SINGLE,5,50454,32210,SHOPPING,763036,36762,Private,Very Important,Important,Medium,Important,Important,Important,,NTUC
IR14476,20,MALE,SOFTWARE ENGINEER,SINGLE,5,30454,22210,SHOPPING,763036,37762,Private,Important,Medium,Medium,Medium,Medium,Medium,,NTUC
IR14450,20,FEMALE,DOCTOR,MARRIED,5,66138,21787,COMPUTER SOFTWARES,876711,31792,Private,Medium,Very Important,Very Important,Important,Important,Important,,AIA
IR14541,20,FEMALE,TEACHER,MARRIED,5,75106,16733,HOME APPLIANCES,1190732,57254,Private,Unimportant,Important,Very Important,Medium,Very Important,Important,,NTUC
IR14609,20,FEMALE,PILOT,MARRIED,4,63745,17148,AUTOMOBILE,1406697,74279,Private,Medium,Very Important,Very Important,Very Important,Very Important,Very Important,,NTUC
IR15039,20,MALE,FIRE DEPARTMENT,MARRIED,5,63213,26457,TRAVELLING,1524789,90000,Private,Medium,Important,Important,Very Important,Very Important,Very Important,,NTUC
IR14106,20,MALE,FIRE DEPARTMENT,MARRIED,5,45213,32457,TRAVELLING,1524789,90000,Private,Important,Medium,Medium,Very Important,Very Important,Very Important,,NTUC
IR14160,20,MALE,FIRE DEPARTMENT,MARRIED,5,45213,32457,TRAVELLING,1524789,90000,Private,Important,Medium,Medium,Very Important,Very Important,Very Important,,NTUC
IR14247,20,MALE,FIRE DEPARTMENT,MARRIED,5,45213,32457,TRAVELLING,1524789,90000,Private,Very Important,Medium,Medium,Very Important,Very Important,Very Important,,AIA
IR14254,20,MALE,FIRE DEPARTMENT,MARRIED,5,43213,22457,TRAVELLING,1524789,90000,Private,Important,Medium,Medium,Very Important,Very Important,Very Important,,PRU
IR14125,20,FEMALE,TEACHER,MARRIED,4,59999,42568,AUTOMOBILE,5214789,17452,Private,Medium,Important,Important,Very Important,Very Important,Very Important,,PRU
IR14012,30,FEMALE,DENTIST,SINGLE,3,58450,27675,TRAVELLING,75000,20876,Private,Important,Very Important,Very Important,Medium,Important,Medium,,PRU
IR14187,30,FEMALE,DENTIST,SINGLE,3,58450,27675,TRAVELLING,75000,20876,Private,Important,Important,Important,Medium,Important,Medium,,AIA
IR14220,30,FEMALE,DENTIST,SINGLE,3,58450,27675,TRAVELLING,75000,20876,Private,Important,Important,Important,Medium,Important,Medium,,AIA
IR14800,30,FEMALE,TEACHER,SINGLE,4,49370,21720,SHOPPING,140556,40378,Private,Very Important,Important,Medium,Important,Important,Medium,,AIA
IR14085,30,MALE,ELECTRICIAN,MARRIED,4,30000,15000,HOUSING,354789,32154,Private,Important,Medium,Medium,Medium,Medium,Medium,,NTUC
IR14304,30,MALE,ELECTRICIAN,MARRIED,4,30000,15000,HOUSING,354789,32154,Private,Important,Medium,Medium,Medium,Medium,Medium,,NTUC
IR14667,30,MALE,AGRICULTURAL ENGINEER,SINGLE,6,52301,49481,HOUSING,679588,21091,Private,Very Important,Important,Medium,Important,Important,Important,,NTUC
IR14706,30,FEMALE,TEACHER,SINGLE,5,51564,20097,AUTOMOBILE,722907,56157,Private,Very Important,Important,Important,Important,Important,Important,,NTUC
IR14831,30,FEMALE,NAVY,SINGLE,6,51862,21101,HOUSING,745152,57851,Private,Very Important,Very Important,Very Important,Important,Important,Important,,AIA
IR15011,30,FEMALE,TEACHER,SINGLE,5,55564,28097,AUTOMOBILE,822907,56157,Private,Important,Very Important,Very Important,Important,Important,Important,,NTUC
IR14497,30,MALE,ACCOUNT MANAGER,MARRIED,4,52568,17647,GOLD LOAN,837703,22579,Private,Very Important,Important,Important,Important,Important,Important,,NTUC
IR14633,30,FEMALE,SOFTWARE ENGINEER,MARRIED,7,62522,14748,COMPUTER SOFTWARES,898938,44000,Private,Medium,Important,Important,Important,Important,Important,,AIA
IR14976,30,MALE,CHARTERED APPRAISER,MARRIED,2,39058,39463,AUTOMOBILE,989600,30686,Private,Medium,Important,Important,Important,Important,Important,,NTUC
IR14001,30,MALE,BANK MANAGER,SINGLE,4,50000,22199,HOUSING,1000000,42898,Private,Very Important,Important,Medium,Important,Important,Important,,NTUC
IR14721,30,MALE,PILOT,SINGLE,2,76333,37037,BUSINESS,1042400,34044,Private,Unimportant,Important,Very Important,Medium,Important,Important,,NTUC
IR15031,30,MALE,PILOT,SINGLE,2,36275,47037,BUSINESS,1042400,34044,Private,Unimportant,Important,Very Important,Medium,Very Important,Important,,NTUC
IR14566,30,MALE,CHARTERED APPRAISER,MARRIED,2,81225,29463,GOLD LOAN,1389600,30686,Private,Unimportant,Very Important,Very Important,Unimportant,Very Important,Important,,NTUC
IR14804,30,MALE,BUSINESS,SINGLE,2,53957,34709,GOLD LOAN,1765055,37815,Private,Very Important,Important,Important,Very Important,Very Important,Very Important,,NTUC
IR14835,30,MALE,FARMER,MARRIED,7,35500,40246,AGRICULTURE,109000,28764,Private,Important,Medium,Medium,Medium,Medium,Medium,,NTUC
IR14045,30,MALE,STORE KEEPER,SINGLE,5,40999,11999,BOOK STORES,167654,4500,Private,Very Important,Medium,Medium,Medium,Medium,Medium,,NTUC
IR14213,30,MALE,STORE KEEPER,SINGLE,5,40999,11999,AUTOMOBILE,167654,4500,Private,Very Important,Medium,Medium,Medium,Medium,Medium,,NTUC
IR14221,30,MALE,STORE KEEPER,SINGLE,5,40999,11999,BOOK STORES,167654,4500,Private,Very Important,Medium,Medium,Medium,Medium,Medium,,PRU
IR14287,30,MALE,STORE KEEPER,SINGLE,5,40999,11999,BOOK STORES,167654,4500,Private,Very Important,Medium,Medium,Important,Important,Important,,PRU
IR14853,30,FEMALE,TEACHER,SINGLE,3,51227,17187,GOLD LOAN,314714,63843,Private,Very Important,Important,Important,Important,Important,Important,,NTUC
IR15093,30,FEMALE,TEACHER,MARRIED,3,35500,27187,GOLD LOAN,314714,63843,Private,Very Important,Very Important,Very Important,Important,Important,Important,,PRU
IR14825,30,MALE,TECHNICIAN,SINGLE,5,79363,18706,BUSINESS,442793,18431,Private,Unimportant,Very Important,Very Important,Unimportant,Important,Important,,NTUC
IR14943,30,FEMALE,TEACHER,SINGLE,3,41227,19187,HOUSING,414714,53843,Private,Important,Medium,Medium,Important,Important,Important,,AIA
IR15034,30,FEMALE,SOFTWARE ENGINEER,MARRIED,2,79363,33569,BUSINESS,723786,47624,Private,Unimportant,Very Important,Very Important,Unimportant,Important,Important,,AIA
IR14499,30,FEMALE,DRIVER,MARRIED,4,39431,24007,AUTOMOBILE,753881,73586,Private,Very Important,Medium,Medium,Medium,Medium,Medium,,NTUC
IR14373,30,MALE,CLERK,MARRIED,4,32714,23632,GOLD LOAN,914249,36394,Private,Important,Medium,Medium,Medium,Medium,Medium,,NTUC
IR14998,30,MALE,DRIVER,MARRIED,2,38558,21169,EDUCATIONAL LOAN,968932,48649,Private,Important,Medium,Medium,Medium,Medium,Medium,,NTUC
IR14695,30,FEMALE,DRIVER,MARRIED,2,35558,16169,GOLD LOAN,1268932,48649,Private,Very Important,Medium,Medium,Medium,Medium,Medium,,NTUC
IR14722,30,FEMALE,SOFTWARE ENGINEER,MARRIED,2,69663,23569,BUSINESS,1723786,47624,Private,Unimportant,Important,Very Important,Very Important,Very Important,Very Important,,NTUC
IR14291,30,MALE,PRODUCT ENGINEER,MARRIED,6,118927,29000,SHOPPING,80660,4500,Private,Unimportant,Very Important,Very Important,Unimportant,Medium,Unimportant,,PRU
IR14269,30,MALE,SOFTWARE ENGINEER,MARRIED,6,112333,29000,COMPUTER SOFTWARES,80660,4500,Private,Unimportant,Very Important,Very Important,Unimportant,Medium,Unimportant,,NTUC
IR14552,30,FEMALE,DRIVER,MARRIED,3,42792,25854,GOLD LOAN,15350,64906,Private,Important,Medium,Medium,Unimportant,Medium,Unimportant,,NTUC
IR14263,30,MALE,PRODUCT ENGINEER,MARRIED,6,105739,29000,COMPUTER SOFTWARES,80660,4500,Private,Unimportant,Very Important,Very Important,Unimportant,Medium,Unimportant,,NTUC
IR14034,30,MALE,PRODUCT ENGINEER,MARRIED,6,79363,29000,COMPUTER SOFTWARES,80660,4500,Private,Unimportant,Very Important,Very Important,Unimportant,Important,Unimportant,,NTUC
IR15059,30,MALE,SOFTWARE ENGINEER,MARRIED,6,74757,32000,COMPUTER SOFTWARES,80660,4500,Private,Unimportant,Very Important,Very Important,Unimportant,Important,Unimportant,,NTUC
IR14244,30,MALE,PRODUCT ENGINEER,MARRIED,6,40499,29000,COMPUTER SOFTWARES,80660,4500,Private,Unimportant,Very Important,Very Important,Medium,Important,Medium,,NTUC
IR14195,30,MALE,PRODUCT ENGINEER,MARRIED,6,75750,29000,SHOPPING,80660,4500,Private,Unimportant,Very Important,Very Important,Medium,Important,Medium,,NTUC
IR15052,30,MALE,PRODUCT ENGINEER,MARRIED,6,76250,26000,COMPUTER SOFTWARES,80660,4500,Private,Unimportant,Very Important,Very Important,Medium,Important,Medium,,PRU
IR14233,30,MALE,PRODUCT ENGINEER,MARRIED,6,76750,29000,AUTOMOBILE,80660,4500,Private,Unimportant,Very Important,Very Important,Medium,Important,Medium,,PRU
IR14968,30,MALE,DRIVER,MARRIED,3,420792,26854,GOLD LOAN,658350,54906,Private,Unimportant,Very Important,Very Important,Unimportant,Important,Medium,,PRU
IR15097,30,FEMALE,DIETICIAN,SINGLE,3,46841,24989,TRAVELLING,400085,41436,Private,Very Important,Medium,Medium,Important,Important,Important,,AIA
IR14857,30,FEMALE,DIETICIAN,SINGLE,3,40060,23989,GOLD LOAN,400085,41436,Private,Important,Medium,Medium,Medium,Medium,Medium,,NTUC
IR14459,30,MALE,DOCTOR,MARRIED,4,35472,18340,SHOPPING,571540,52731,Private,Important,Medium,Medium,Medium,Medium,Medium,,PRU
IR14594,30,FEMALE,NAVY,SINGLE,7,78777,34159,AUTOMOBILE,622414,37436,Private,Unimportant,Very Important,Very Important,Unimportant,Important,Important,,NTUC
IR14947,30,FEMALE,DIETICIAN,SINGLE,3,50060,28989,HOUSING,600085,45436,Private,Very Important,Very Important,Very Important,Important,Important,Important,,NTUC
IR14516,30,MALE,SYSTEM MANAGER,MARRIED,6,74757,16763,RESTAURANTS,646956,38067,Private,Unimportant,Very Important,Very Important,Medium,Important,Important,,NTUC
IR14537,30,FEMALE,NURSE,MARRIED,5,46841,43518,ELECTRONICS,736842,79728,Private,Very Important,Very Important,Very Important,Important,Important,Important,,NTUC
IR14352,30,FEMALE,ELECTRICIAN,MARRIED,5,70449,43518,GOLD LOAN,1092176,64685,Private,Unimportant,Important,Very Important,Very Important,Very Important,Very Important,,NTUC
IR14794,30,FEMALE,CHARTERED APPRAISER,SINGLE,2,75606,40734,DINNING,1193808,23946,Private,Unimportant,Important,Very Important,Very Important,Very Important,Important,,NTUC
IR14442,30,MALE,DATA ANALYST,MARRIED,6,31948,19502,HOUSING,1286679,79111,Private,Important,Medium,Medium,Medium,Medium,Medium,,NTUC
IR14571,30,MALE,POLICE,MARRIED,6,33763,31191,AUTOMOBILE,260038,49153,Private,Important,Medium,Medium,Medium,Medium,Medium,,NTUC
IR14980,30,MALE,POLICE,MARRIED,6,43763,25191,AUTOMOBILE,460038,35153,Private,Important,Medium,Medium,Important,Important,Important,,NTUC
IR14397,30,MALE,BANK MANAGER,MARRIED,2,42792,22559,GOLD LOAN,642016,84023,Private,Important,Medium,Medium,Important,Important,Important,,NTUC
IR15068,30,MALE,DOCTOR,MARRIED,6,75000,44541,BUILDING,745213,19541,Private,Unimportant,Very Important,Very Important,Medium,Important,Important,,NTUC
IR14121,30,MALE,DOCTOR,MARRIED,6,70000,12541,HOUSING,745213,19541,Private,Unimportant,Very Important,Very Important,Important,Important,Important,,NTUC
IR14134,30,MALE,DOCTOR,MARRIED,6,70000,33541,BUILDING,745213,19541,Private,Unimportant,Very Important,Very Important,Important,Important,Important,,NTUC
IR14273,30,MALE,DOCTOR,MARRIED,6,46841,41541,BUILDING,745213,19541,Private,Very Important,Medium,Medium,Important,Important,Important,,NTUC
IR14101,30,FEMALE,PRODUCT ENGINEER,MARRIED,5,78777,45812,AUTOMOBILE,852416,17524,Private,Unimportant,Very Important,Very Important,Unimportant,Important,Important,,NTUC
IR14173,30,FEMALE,PRODUCT ENGINEER,MARRIED,5,74757,45812,SHOPPING,852416,17524,Private,Unimportant,Important,Very Important,Medium,Important,Important,,PRU
IR14659,30,FEMALE,DRIVER,SINGLE,6,48332,20763,RESTAURANT,899714,66030,Private,Very Important,Important,Medium,Important,Important,Important,,AIA
IR14974,30,FEMALE,BUSINESS,MARRIED,3,59001,49473,HOUSING,1178327,18187,Private,Very Important,Important,Medium,Very Important,Very Important,Very Important,,PRU
IR14878,30,FEMALE,CHARTERED APPRAISER,SINGLE,4,58661,42768,GOLD LOAN,1290966,72021,Private,Important,Very Important,Very Important,Very Important,Very Important,Very Important,,PRU
IR14565,30,FEMALE,BUSINESS,MARRIED,3,78777,19473,HOUSING,1378327,18187,Private,Unimportant,Very Important,Very Important,Unimportant,Very Important,Important,,NTUC
IR14096,30,FEMALE,CLERK,MARRIED,3,42792,15247,RESTAURANTS,1452637,13547,Private,Important,Medium,Medium,Very Important,Very Important,Very Important,,NTUC
IR14894,30,FEMALE,NAVY,MARRIED,7,47356,28491,GOLD LOAN,1648683,59025,Private,Very Important,Medium,Medium,Very Important,Very Important,Very Important,,NTUC
IR15037,30,MALE,SOFTWARE ENGINEER,MARRIED,7,50568,30010,RESTAURANT,146770,37354,Private,Very Important,Very Important,Very Important,Important,Important,Important,,AIA
IR14725,30,MALE,SOFTWARE ENGINEER,MARRIED,7,49568,44010,RESTAURANT,146770,37354,Private,Very Important,Important,Medium,Important,Important,Important,,AIA
IR15045,30,MALE,POLICE,SINGLE,4,45521,43518,AUTOMOBILE,200000,43898,Private,Very Important,Medium,Medium,Important,Important,Important,,AIA
IR14191,30,MALE,POLICE,SINGLE,4,44521,11999,AUTOMOBILE,200000,43898,Private,Important,Medium,Medium,Important,Important,Important,,AIA
IR14022,30,MALE,POLICE,SINGLE,4,43521,11999,AUTOMOBILE,200000,43898,Private,Very Important,Important,Important,Important,Important,Important,,AIA
IR14240,30,MALE,POLICE,SINGLE,4,43521,11999,AUTOMOBILE,200000,43898,Private,Very Important,Important,Important,Important,Important,Important,,NTUC
IR14260,30,MALE,POLICE,SINGLE,4,43521,11999,AUTOMOBILE,200000,43898,Private,Important,Medium,Medium,Important,Important,Important,,AIA
IR14530,30,MALE,DENTIST,MARRIED,7,41247,20755,GOLD LOAN,227503,80114,Private,Very Important,Important,Important,Important,Important,Important,,NTUC
IR14143,30,FEMALE,TEACHER,MARRIED,4,45389,43518,HOME APPLIANCES,350050,24000,Private,Very Important,Medium,Medium,Important,Important,Important,,NTUC
IR14955,30,MALE,BANK MANAGER,MARRIED,5,63070,25306,TRAVELLING,387941,15604,Private,Medium,Very Important,Very Important,Important,Important,Important,,NTUC
IR14765,30,MALE,ARMY,SINGLE,6,72271,32082,HOUSING,625194,19300,Private,Unimportant,Very Important,Very Important,Medium,Important,Important,,NTUC
IR14741,30,FEMALE,CLERK,SINGLE,6,47550,25286,HOUSING,696818,49464,Private,Very Important,Medium,Medium,Important,Important,Important,,NTUC
IR14479,30,MALE,BANK MANAGER,MARRIED,5,73070,26306,TRAVELLING,887941,10604,Private,Unimportant,Very Important,Very Important,Medium,Important,Important,,AIA
IR14453,30,MALE,CLERK,MARRIED,7,61207,15955,GOLD LOAN,1172914,20405,Private,Medium,Very Important,Very Important,Very Important,Very Important,Very Important,,AIA
IRI4157,30,MALE,BANK MANAGER,MARRIED,4,930000,35680,HOUSING,679040,34000,Private,Unimportant,Very Important,Very Important,Unimportant,Medium,Unimportant,,NTUC
IR14792,30,MALE,BUSINESS,MARRIED,4,50604,19918,HOUSING,164081,16514,Private,Very Important,Important,Medium,Important,Important,Important,,AIA
IR14929,30,FEMALE,ACCOUNTANT,MARRIED,5,45670,21345,TRAVELLING,456780,34560,Private,Very Important,Medium,Medium,Important,Important,Important,,NTUC
IR14467,30,MALE,FIRE DEPARTMENT,MARRIED,4,44522,21803,COMPUTER SOFTWARES,554802,80968,Private,Very Important,Important,Important,Important,Important,Important,,NTUC
IR14900,30,MALE,TEACHER,MARRIED,5,75250,26535,HOUSING,626586,56137,Private,Unimportant,Important,Very Important,Medium,Important,Important,,AIA
IR14400,30,MALE,DENTIST,MARRIED,5,36742,18767,COMPUTER SOFTWARES,594320,31082,Private,Important,Medium,Medium,Medium,Medium,Medium,,AIA
IRI4296,30,MALE,BANK MANAGER,MARRIED,4,75250,29865,RESTAURANTS,679040,34000,Private,Unimportant,Important,Very Important,Medium,Important,Important,,NTUC
IRI4202,30,MALE,BANK MANAGER,MARRIED,4,67500,25780,AUTOMOBILE,679040,34000,Private,Medium,Important,Very Important,Important,Important,Important,,AIA
IRI4919,30,MALE,DOCTOR,MARRIED,5,67500,35670,HOUSING,756890,45670,Private,Medium,Important,Very Important,Important,Important,Important,,AIA
IR14755,30,FEMALE,ACCOUNTANT,MARRIED,4,51568,29607,HOUSING,1013760,33446,Private,Very Important,Important,Important,Important,Important,Important,,AIA
IR14208,30,FEMALE,CLERK,MARRIED,4,45300,15000,HOUSING,300000,5600,Private,Very Important,Medium,Medium,Important,Important,Important,,AIA
IR15084,30,FEMALE,CLERK,MARRIED,4,38000,19000,HOUSING,300000,5600,Private,Very Important,Medium,Medium,Medium,Medium,Medium,,AIA
IR14060,30,FEMALE,CLERK,MARRIED,4,35000,15000,HOUSING,300000,5600,Private,Important,Medium,Medium,Medium,Medium,Medium,,PRU
IR14283,30,FEMALE,CLERK,MARRIED,4,35000,15000,HOUSING,300000,5600,Private,Very Important,Medium,Medium,Medium,Medium,Medium,,NTUC
IR14982,30,FEMALE,DOCTOR,MARRIED,3,76820,27222,BUSINESS,652716,44979,Private,Unimportant,Important,Very Important,Medium,Important,Important,,NTUC
IR14395,30,FEMALE,TEACHER,SINGLE,7,43518,43518,TRAVELLING,681886,56090,Private,Very Important,Important,Important,Important,Important,Important,,PRU
IR14413,30,MALE,SYSTEM MANAGER,MARRIED,5,69163,29339,HOME APPLIANCES,740836,67935,Private,Unimportant,Very Important,Very Important,Important,Important,Important,,NTUC
IR14574,30,FEMALE,DOCTOR,MARRIED,3,66820,22222,BUSINESS,752716,44979,Private,Medium,Important,Very Important,Important,Important,Important,,NTUC
IR14392,30,MALE,AIRPORT OFFICER,MARRIED,7,48749,18330,SHOPPING,793130,14684,Private,Very Important,Very Important,Very Important,Important,Important,Important,,NTUC
IR15071,30,MALE,ELECTRICIAN,MARRIED,2,56985,26648,ELECTRONICS,985413,20000,Private,Important,Important,Important,Important,Important,Important,,NTUC
IR14123,30,MALE,ELECTRICIAN,MARRIED,2,36985,25648,AUTOMOBILE,985413,20000,Private,Very Important,Medium,Medium,Medium,Medium,Medium,,NTUC
IR14136,30,MALE,ELECTRICIAN,MARRIED,2,36985,25648,ELECTRONICS,985413,20000,Private,Important,Medium,Medium,Medium,Medium,Medium,,NTUC
IR14275,30,MALE,ELECTRICIAN,MARRIED,2,36985,25648,ELECTRONICS,985413,20000,Private,Important,Medium,Medium,Medium,Medium,Medium,,NTUC
IR14031,30,FEMALE,SOFTWARE ENGINEER,MARRIED,5,55999,23999,AUTOMOBILE,60999,0,Private,Important,Very Important,Very Important,Unimportant,Important,Unimportant,,NTUC
IR14181,30,FEMALE,SOFTWARE ENGINEER,MARRIED,5,55999,23999,HOME APPLIANCES,60999,0,Private,Important,Important,Important,Unimportant,Important,Unimportant,,NTUC
IR14763,30,MALE,CLERK,MARRIED,7,42751,21265,RESTAURANT,203787,70319,Private,Important,Medium,Medium,Important,Important,Important,,AIA
IR14827,30,MALE,BANK MANAGER,SINGLE,2,35735,47037,RESTAURANT,312839,31432,Private,Important,Medium,Medium,Medium,Medium,Medium,,NTUC
IR14679,30,MALE,SOFTWARE ENGINEER,MARRIED,4,80720,34362,RESTAURANTS,453798,85688,Private,Unimportant,Very Important,Very Important,Unimportant,Important,Important,,NTUC
IR14369,30,FEMALE,DOCTOR,MARRIED,5,57453,43518,TRAVELLING,462585,72488,Private,Important,Very Important,Very Important,Important,Important,Important,,NTUC
IR14326,30,MALE,DOCTOR,SINGLE,2,56856,23678,TRAVELLING,588690,87171,Private,Important,Important,Important,Important,Important,Important,,PRU
IR14439,30,MALE,TEACHER,MARRIED,7,79320,19187,DINNING,649791,18033,Private,Unimportant,Very Important,Very Important,Unimportant,Important,Important,,NTUC
IR14363,30,MALE,DOCTOR,MARRIED,3,32753,26219,SHOPPING,621260,76545,Private,Important,Medium,Medium,Medium,Medium,Medium,,NTUC
IR14490,30,FEMALE,SYSTEM MANAGER,MARRIED,2,71477,28652,SHOPPING,786718,78821,Private,Unimportant,Very Important,Very Important,Medium,Important,Important,,NTUC
IR14361,30,FEMALE,PRODUCT ENGINEER,SINGLE,6,75250,28140,AUTOMOBILE,819281,27586,Private,Unimportant,Important,Very Important,Medium,Important,Important,,NTUC
IR14559,30,FEMALE,TEACHER,MARRIED,5,82815,42751,HOUSING,505610,87828,Private,Unimportant,Very Important,Very Important,Unimportant,Important,Important,,AIA
IR14971,30,FEMALE,TEACHER,MARRIED,5,52815,22751,HOUSING,605610,47828,Private,Very Important,Very Important,Very Important,Important,Important,Important,,NTUC
IRI4150,30,FEMALE,ACCOUNT MANAGER,MARRIED,4,45600,19870,HOME APPLIANCES,765040,35700,Private,Very Important,Medium,Medium,Important,Important,Important,,PRU
IR14408,30,FEMALE,NURSE,MARRIED,6,42490,25775,TRAVELLING,890564,67559,Private,Important,Medium,Medium,Important,Important,Important,,NTUC
IR14682,30,FEMALE,DATA ENGINEER,MARRIED,3,47668,35078,COMPUTER SOFTWARES,1151809,18320,Private,Very Important,Medium,Medium,Very Important,Very Important,Very Important,,NTUC
IR14837,30,MALE,DRIVER,SINGLE,7,45362,35895,HOUSING,1216455,83458,Private,Very Important,Medium,Medium,Very Important,Very Important,Very Important,,NTUC
IR14817,30,FEMALE,EXECUTIVE,MARRIED,5,78167,33036,BUSINESS,1447560,20435,Private,Unimportant,Very Important,Very Important,Medium,Very Important,Important,,NTUC
IR14736,30,FEMALE,ACCOUNTANT,SINGLE,5,75290,35549,HOUSING,1522824,71187,Private,Unimportant,Important,Very Important,Medium,Very Important,Important,,NTUC
IR14117,30,FEMALE,SYSTEM OFFICER,MARRIED,6,75250,32541,EDUCATIONAL LOAN,102256,14256,Private,Unimportant,Very Important,Very Important,Medium,Important,Medium,,NTUC
IR14280,30,FEMALE,SYSTEM OFFICER,MARRIED,6,75250,32541,EDUCATIONAL LOAN,102256,14256,Private,Unimportant,Important,Very Important,Medium,Important,Medium,,NTUC
IR15079,30,FEMALE,SYSTEM OFFICER,MARRIED,6,75250,35541,EDUCATIONAL LOAN,102256,14256,Private,Unimportant,Important,Very Important,Medium,Important,Medium,,NTUC
IR14602,30,FEMALE,BANK MANAGER,SINGLE,6,55639,23775,HOUSING,284938,80269,Private,Important,Very Important,Very Important,Important,Important,Important,,NTUC
IR14623,30,MALE,DATA ENGINEER,SINGLE,2,74264,37747,RESTAURANTS,321040,55582,Private,Unimportant,Important,Very Important,Medium,Important,Medium,,NTUC
IR14783,30,FEMALE,FARMER,MARRIED,5,73656,18108,HOUSING,328952,84200,Private,Unimportant,Important,Very Important,Medium,Important,Medium,,NTUC
IR14924,30,MALE,ARMY,MARRIED,7,65750,23456,TRAVELLING,567890,34567,Private,Medium,Important,Very Important,Important,Important,Important,,NTUC
IR14958,30,MALE,TEACHER,MARRIED,7,40801,26025,AUTOMOBILE,745310,50509,Private,Very Important,Medium,Medium,Medium,Medium,Medium,,AIA
IR14483,30,MALE,TEACHER,MARRIED,7,30801,23025,AUTOMOBILE,745310,60509,Private,Important,Medium,Medium,Medium,Medium,Medium,,NTUC
IR15001,30,FEMALE,NAVY,SINGLE,4,79699,32482,AUTOMOBILE,810206,57206,Private,Unimportant,Very Important,Very Important,Unimportant,Important,Important,,NTUC
IR14617,30,FEMALE,PILOT,SINGLE,2,53068,36744,GOLD LOAN,870287,34551,Private,Very Important,Important,Important,Important,Important,Important,,NTUC
IR14430,30,FEMALE,NURSE,MARRIED,5,43323,27877,TRAVELLING,841365,56142,Private,Very Important,Important,Important,Important,Important,Important,,NTUC
IR15017,30,FEMALE,BUSINESS,MARRIED,6,73769,38186,RESTAURANT,954392,81465,Private,Unimportant,Important,Very Important,Medium,Important,Important,,NTUC
IR14709,30,FEMALE,BUSINESS,MARRIED,6,63769,33186,GOLD LOAN,954392,81465,Private,Medium,Important,Very Important,Important,Important,Important,,NTUC
IR14938,30,MALE,PILOT,MARRIED,7,73647,45007,EDUCATIONAL LOAN,1083523,25317,Private,Unimportant,Very Important,Very Important,Medium,Very Important,Important,,NTUC
IR14025,30,FEMALE,TEACHER,MARRIED,6,46619,18675,HOUSING,1209867,29999,Private,Very Important,Medium,Medium,Very Important,Very Important,Very Important,,NTUC
IR15089,30,MALE,PILOT,MARRIED,7,83647,43007,EDUCATIONAL LOAN,1283523,28317,Private,Unimportant,Very Important,Very Important,Unimportant,Very Important,Important,,AIA
IR14849,30,MALE,PILOT,MARRIED,7,63647,41007,AGRICULTURE,1283523,28317,Private,Medium,Important,Very Important,Very Important,Very Important,Very Important,,NTUC
IR14697,30,FEMALE,NAVY,SINGLE,4,77699,12482,AUTOMOBILE,1410206,57206,Private,Unimportant,Very Important,Very Important,Medium,Very Important,Important,,NTUC
IR14583,40,MALE,CLERK,MARRIED,7,78409,18566,TRAVELLING,54177,15938,Private,Unimportant,Very Important,Very Important,Unimportant,Medium,Unimportant,,AIA
IR14593,40,MALE,DENTIST,SINGLE,7,49744,23564,COMPUTER SOFTWARES,207979,36588,Private,Very Important,Important,Medium,Important,Important,Important,,AIA
IR15086,40,MALE,PUBLIC WORKS,MARRIED,4,58000,27000,TRAVELLING,400000,19954,Private,Important,Very Important,Very Important,Important,Important,Important,,AIA
IR14070,40,MALE,PUBLIC WORKS,MARRIED,4,38000,20000,GOLD LOAN,400000,19954,Private,Very Important,Medium,Medium,Medium,Medium,Medium,,AIA
IR14210,40,MALE,PUBLIC WORKS,MARRIED,4,38000,20000,GOLD LOAN,400000,19954,Private,Important,Medium,Medium,Medium,Medium,Medium,,NTUC
IR14285,40,MALE,PUBLIC WORKS,MARRIED,4,38000,20000,GOLD LOAN,400000,19954,Private,Very Important,Medium,Medium,Medium,Medium,Medium,,NTUC
IR14988,40,MALE,CLERK,MARRIED,7,58409,28566,TRAVELLING,554177,15938,Private,Important,Very Important,Very Important,Important,Important,Important,,NTUC
IR14418,40,FEMALE,TEACHER,MARRIED,6,77627,43518,TRAVELLING,800400,19990,Private,Unimportant,Important,Very Important,Medium,Important,Important,,NTUC
IR14639,40,FEMALE,DOCTOR,MARRIED,7,63495,12411,SHOPPING,1404969,74273,Private,Medium,Very Important,Very Important,Very Important,Very Important,Very Important,,NTUC
IR14681,40,MALE,AGRICULTURAL ENGINEER,MARRIED,7,47586,47790,GOLD LOAN,1724031,75334,Private,Medium,Important,Very Important,Very Important,Very Important,Very Important,,NTUC
IR14581,40,MALE,FARMER,SINGLE,5,76294,45744,BUILDING,318598,23866,Private,Unimportant,Important,Very Important,Medium,Important,Medium,,NTUC
IR14620,40,FEMALE,ARMY,MARRIED,5,74764,32845,GOLD LOAN,324055,63046,Private,Unimportant,Important,Very Important,Medium,Important,Medium,,NTUC
IR14987,40,MALE,FARMER,SINGLE,5,78294,40744,BUILDING,418598,23866,Private,Unimportant,Very Important,Very Important,Unimportant,Important,Important,,AIA
IR14931,40,MALE,NAVY,MARRIED,5,72345,43210,TRAVELLING,567890,24580,Private,Unimportant,Important,Very Important,Medium,Important,Important,,NTUC
IR14769,40,MALE,NAVY,MARRIED,4,82458,44055,DINNING,649056,40103,Private,Unimportant,Very Important,Very Important,Unimportant,Important,Important,,NTUC
IR15077,40,MALE,BANK MANAGER,MARRIED,6,68125,41246,TRAVELLING,652147,16524,Private,Unimportant,Important,Very Important,Important,Important,Important,,NTUC
IR14115,40,MALE,BANK MANAGER,MARRIED,6,64125,21246,TRAVELLING,652147,16524,Private,Medium,Very Important,Very Important,Important,Important,Important,,PRU
IR14278,40,MALE,BANK MANAGER,MARRIED,6,64125,51246,TRAVELLING,652147,16524,Private,Medium,Very Important,Very Important,Important,Important,Important,,NTUC
IR14406,40,MALE,POLICE,MARRIED,3,33312,21921,DINNING,645167,26766,Private,Important,Medium,Medium,Medium,Medium,Medium,,NTUC
IR14380,40,FEMALE,NURSE,MARRIED,5,36784,43518,HOUSING,1232534,60243,Private,Very Important,Medium,Medium,Medium,Medium,Medium,,PRU
IR14758,40,MALE,TEACHER,SINGLE,2,46182,33404,RESTAURANTS,1337967,75552,Private,Very Important,Important,Important,Very Important,Very Important,Very Important,,AIA
IR14889,40,FEMALE,DIETICIAN,SINGLE,3,47086,41529,GOLD LOAN,1694354,35876,Private,Very Important,Very Important,Very Important,Very Important,Very Important,Very Important,,AIA
IR14873,40,FEMALE,PILOT,SINGLE,4,83053,22355,BOOK STORES,323075,84997,Private,Unimportant,Very Important,Very Important,Unimportant,Important,Medium,,AIA
IR14719,40,FEMALE,PILOT,SINGLE,4,75993,22164,DINNING,340060,17476,Private,Unimportant,Very Important,Very Important,Medium,Important,Important,,NTUC
IR15028,40,FEMALE,PILOT,SINGLE,4,35221,28164,DINNING,340060,17476,Private,Unimportant,Important,Very Important,Medium,Important,Important,,NTUC
IR15091,40,MALE,AGRICULTURAL ENGINEER,MARRIED,2,66610,35744,HOUSING,582943,28192,Private,Medium,Important,Very Important,Important,Important,Important,,NTUC
IR14850,40,MALE,AGRICULTURAL ENGINEER,MARRIED,2,70606,45744,HOUSING,582943,28192,Private,Medium,Important,Very Important,Important,Important,Important,,PRU
IR14907,40,FEMALE,DIETICIAN,SINGLE,7,51301,30975,RESTAURANT,677291,25850,Private,Very Important,Very Important,Very Important,Important,Important,Important,,NTUC
IR14895,40,MALE,NAVY,MARRIED,3,39213,26716,HOUSING,685819,23887,Private,Very Important,Medium,Medium,Medium,Medium,Medium,,AIA
IR14886,40,FEMALE,BANK MANAGER,SINGLE,7,39713,37935,EDUCATIONAL LOAN,688435,74874,Private,Important,Medium,Medium,Medium,Medium,Medium,,AIA
IR15104,40,MALE,BANK MANAGER,MARRIED,4,49113,48072,GOLD LOAN,729793,51976,Private,Important,Medium,Medium,Medium,Medium,Medium,,NTUC
IR14864,40,MALE,BANK MANAGER,MARRIED,4,32571,48072,AGRICULTURE,729793,51976,Private,Important,Medium,Medium,Medium,Medium,Medium,,AIA
IR14941,40,MALE,AGRICULTURAL ENGINEER,MARRIED,2,76610,46744,HOUSING,782943,38192,Private,Unimportant,Very Important,Very Important,Medium,Important,Important,,PRU
IR14421,40,FEMALE,DATA ANALYST,MARRIED,4,77671,24112,TRAVELLING,859268,89027,Private,Unimportant,Important,Very Important,Medium,Important,Important,,NTUC
IR14973,40,FEMALE,NAVY,SINGLE,3,76184,37555,AUTOMOBILE,868435,34235,Private,Unimportant,Important,Very Important,Medium,Important,Important,,NTUC
IR14649,40,MALE,CLERK,MARRIED,2,34447,18409,AUTOMOBILE,828512,54143,Private,Important,Medium,Medium,Medium,Medium,Medium,,AIA
IR14935,40,MALE,DATA ENGINEER,MARRIED,7,62760,21568,GOLD LOAN,1111608,36170,Private,Medium,Important,Important,Very Important,Very Important,Very Important,,PRU
IR14643,40,FEMALE,EXECUTIVE,MARRIED,4,63078,31903,EDUCATIONAL LOAN,1244717,30314,Private,Medium,Important,Important,Very Important,Very Important,Very Important,,NTUC
IR14354,40,MALE,TEACHER,MARRIED,3,57578,23000,EDUCATIONAL LOAN,1314542,68060,Private,Important,Very Important,Very Important,Very Important,Very Important,Very Important,,NTUC
IR14845,40,MALE,DATA ENGINEER,MARRIED,7,82760,23568,GOLD LOAN,1513708,56170,Private,Unimportant,Very Important,Very Important,Unimportant,Very Important,Important,,PRU
IR14892,40,MALE,TECHNICIAN,MARRIED,6,80241,41526,AUTOMOBILE,1599511,87885,Private,Unimportant,Very Important,Very Important,Unimportant,Very Important,Important,,NTUC
IR14903,40,FEMALE,TECHNICIAN,SINGLE,3,42304,21760,BUSINESS,1630952,21031,Private,Very Important,Important,Important,Very Important,Very Important,Very Important,,PRU
IR14641,40,FEMALE,FARMER,MARRIED,5,42804,34686,TRAVELLING,1632809,54198,Private,Important,Medium,Medium,Very Important,Very Important,Very Important,,NTUC
IR14563,40,FEMALE,NAVY,SINGLE,3,52329,47555,AUTOMOBILE,1668435,54235,Private,Very Important,Important,Important,Very Important,Very Important,Very Important,,NTUC
IR14820,40,MALE,DRIVER,SINGLE,2,47217,16575,GOLD LOAN,1773297,40373,Private,Very Important,Medium,Medium,Very Important,Very Important,Very Important,,AIA
IR14778,40,FEMALE,DATA ENGINEER,SINGLE,6,42827,36410,RESTAURANT,125982,75739,Private,Important,Medium,Medium,Important,Important,Medium,,PRU
IR14619,40,MALE,TEACHER,SINGLE,4,35020,26286,SHOPPING,162449,22862,Private,Important,Medium,Medium,Medium,Medium,Medium,,NTUC
IR14779,40,FEMALE,CLERK,MARRIED,3,46889,24020,DINNING,404473,34322,Private,Important,Medium,Medium,Medium,Medium,Medium,,NTUC
IRI4921,40,FEMALE,NUTRITION,MARRIED,6,55650,31245,TRAVELLING,456780,23456,Private,Important,Very Important,Very Important,Important,Important,Important,,AIA
IR14420,40,MALE,SOFTWARE ENGINEER,MARRIED,2,62804,23080,COMPUTER SOFTWARES,559276,66963,Private,Important,Important,Important,Important,Important,Important,,AIA
IR15065,40,MALE,PRODUCT ENGINEER,MARRIED,4,55147,35863,COMPUTER SOFTWARES,785241,19999,Private,Important,Important,Important,Important,Important,Important,,AIA
IR14130,40,MALE,PRODUCT ENGINEER,MARRIED,4,50147,45863,COMPUTER SOFTWARES,785241,19999,Private,Very Important,Very Important,Very Important,Important,Important,Important,,AIA
IR14272,40,MALE,PRODUCT ENGINEER,MARRIED,4,50147,45863,COMPUTER SOFTWARES,785241,19999,Private,Very Important,Important,Medium,Important,Important,Important,,NTUC
IR14933,40,MALE,DOCTOR,SINGLE,4,55407,24413,HOUSING,1042737,57977,Private,Important,Important,Important,Important,Important,Important,,NTUC
IR14390,40,FEMALE,BANK MANAGER,MARRIED,6,68866,36035,HOUSING,1080007,19931,Private,Important,Important,Important,Very Important,Very Important,Very Important,,NTUC
IR15021,40,FEMALE,SOFTWARE ENGINEER,SINGLE,5,76970,35379,GOLD LOAN,1090886,13994,Private,Unimportant,Important,Very Important,Medium,Very Important,Important,,AIA
IR14714,40,FEMALE,SOFTWARE ENGINEER,SINGLE,5,70949,30379,GOLD LOAN,1090886,13994,Private,Unimportant,Very Important,Very Important,Medium,Very Important,Important,,NTUC
IR14843,40,MALE,DOCTOR,SINGLE,4,50407,34413,AGRICULTURE,1143937,57977,Private,Very Important,Important,Medium,Very Important,Very Important,Very Important,,NTUC
IR14995,40,FEMALE,POLICE,MARRIED,5,58501,28744,GOLD LOAN,1160365,55397,Private,Important,Important,Important,Very Important,Very Important,Very Important,,NTUC
IR14691,40,FEMALE,POLICE,SINGLE,5,38501,48744,GOLD LOAN,1460365,55397,Private,Very Important,Medium,Medium,Medium,Medium,Medium,,NTUC
IR14344,40,MALE,AIRPORT OFFICER,MARRIED,7,46586,28032,HOUSING,1691451,64718,Private,Very Important,Medium,Medium,Medium,Medium,Medium,,NTUC
IR14186,40,MALE,PROFESSOR,MARRIED,6,59000,19999,AUTOMOBILE,50000,33999,Private,Important,Very Important,Very Important,Unimportant,Important,Unimportant,,NTUC
IR14008,40,MALE,PROFESSOR,MARRIED,6,51000,19999,SHOPPING,50000,33999,Private,Very Important,Important,Important,Unimportant,Important,Unimportant,,NTUC
IR14218,40,MALE,PROFESSOR,MARRIED,6,51000,19999,SHOPPING,50000,33999,Private,Very Important,Important,Important,Unimportant,Important,Unimportant,,AIA
IR14978,40,FEMALE,TECHNICIAN,MARRIED,2,46379,25348,COMPUTER SOFTWARES,456414,32127,Private,Very Important,Very Important,Very Important,Important,Important,Important,,PRU
IR14967,40,MALE,SOFTWARE ENGINEER,MARRIED,4,59512,36373,RESTAURANTS,677000,45098,Private,Medium,Very Important,Very Important,Important,Important,Important,,NTUC
IR14495,40,MALE,DATA ANALYST,MARRIED,3,56036,16416,AUTOMOBILE,723504,54456,Private,Important,Very Important,Very Important,Important,Important,Important,,AIA
IR14472,40,FEMALE,PRODUCT ENGINEER,MARRIED,2,48613,21617,BUILDING,723932,10154,Private,Very Important,Very Important,Very Important,Important,Important,Important,,NTUC
IR14449,40,MALE,ASSISTANT PROFESSOR,MARRIED,4,44090,19351,TRAVELLING,734412,15510,Private,Very Important,Important,Important,Important,Important,Important,,AIA
IR14743,40,MALE,TEACHER,MARRIED,2,65610,46683,BUSINESS,828744,71913,Private,Medium,Very Important,Very Important,Important,Important,Important,,NTUC
IR15041,40,FEMALE,ACCOUNT MANAGER,MARRIED,4,67138,35632,COMPUTER SOFTWARES,865478,20145,Private,Unimportant,Very Important,Very Important,Unimportant,Important,Important,,NTUC
IR14327,40,MALE,ELECTRICIAN,MARRIED,5,67214,20246,COMPUTER SOFTWARES,890480,46654,Private,Medium,Very Important,Very Important,Important,Important,Important,,NTUC
IR14601,40,MALE,POLICE,SINGLE,5,71214,12463,RESTAURANTS,910960,70423,Private,Unimportant,Important,Very Important,Medium,Important,Important,,AIA
IR14657,40,FEMALE,NAVY,SINGLE,2,39558,25280,GOLD LOAN,964109,80308,Private,Unimportant,Important,Very Important,Medium,Important,Important,,NTUC
IR14543,40,MALE,SOFTWARE ENGINEER,MARRIED,4,39512,26373,RESTAURANTS,1177000,48098,Private,Very Important,Medium,Medium,Medium,Medium,Medium,,AIA
IR14869,40,MALE,CLERK,SINGLE,5,51555,12052,EDUCATIONAL LOAN,1377455,29981,Private,Very Important,Very Important,Very Important,Very Important,Very Important,Very Important,,NTUC
IR14771,40,FEMALE,POLICE,SINGLE,4,80769,41529,AGRICULTURE,1458057,74975,Private,Unimportant,Very Important,Very Important,Unimportant,Very Important,Important,,NTUC
IR14568,40,FEMALE,TECHNICIAN,MARRIED,2,76379,28348,COMPUTER SOFTWARES,1456414,32127,Private,Unimportant,Very Important,Very Important,Medium,Very Important,Important,,AIA
IR14346,40,FEMALE,TEACHER,MARRIED,2,63953,18376,RESTAURANTS,1479399,69956,Private,Medium,Important,Very Important,Very Important,Very Important,Very Important,,AIA
IR14107,40,FEMALE,ACCOUNT MANAGER,MARRIED,4,800000,15632,AUTOMOBILE,2365478,20145,Private,Unimportant,Very Important,Very Important,Unimportant,Very Important,Important,,AIA
IR14163,40,FEMALE,ACCOUNT MANAGER,MARRIED,4,800000,15632,COMPUTER SOFTWARES,2365478,20145,Private,Unimportant,Very Important,Very Important,Unimportant,Very Important,Important,,AIA
IR14256,40,FEMALE,ACCOUNT MANAGER,MARRIED,4,800000,15632,COMPUTER SOFTWARES,2365478,20145,Private,Unimportant,Very Important,Very Important,Unimportant,Very Important,Important,,AIA
IR14249,40,FEMALE,ACCOUNT MANAGER,MARRIED,4,700000,15632,COMPUTER SOFTWARES,2365478,20145,Private,Unimportant,Very Important,Very Important,Unimportant,Very Important,Important,,NTUC
IR14078,40,FEMALE,FIRE DEPARTMENT,MARRIED,4,40000,18888,AUTOMOBILE,70000,0,Private,Important,Medium,Medium,Medium,Medium,Medium,,NTUC
IR14140,40,MALE,BANK MANAGER,MARRIED,6,55670,32500,TRAVELLING,200560,34600,Private,Important,Very Important,Very Important,Important,Important,Important,,NTUC
IR14731,40,MALE,BUSINESS,SINGLE,7,34444,45690,SHOPPING,380248,15020,Private,Very Important,Medium,Medium,Medium,Medium,Medium,,NTUC
IR14949,40,MALE,DRIVER,MARRIED,6,45838,27788,HOME APPLIANCES,482282,36338,Private,Very Important,Medium,Medium,Important,Important,Important,,NTUC
IR14637,40,FEMALE,FARMER,SINGLE,5,62304,34392,RESTAURANT,549605,12990,Private,Medium,Important,Important,Important,Important,Important,,AIA
IR14318,40,FEMALE,ASSISTANT PROFESSOR,MARRIED,6,52361,34154,AUTOMOBILE,596851,0,Private,Very Important,Important,Important,Important,Important,Important,,NTUC
IR15004,40,FEMALE,SOFTWARE ENGINEER,SINGLE,4,68199,33464,ELECTRONICS,719010,46384,Private,Unimportant,Important,Very Important,Important,Important,Important,,AIA
IR14145,40,FEMALE,CLERK,MARRIED,5,40560,38789,TRAVELLING,785000,29650,Private,Very Important,Medium,Medium,Medium,Medium,Medium,,NTUC
IR14773,40,FEMALE,DENTIST,SINGLE,4,46196,26603,COMPUTER SOFTWARES,841132,60537,Private,Very Important,Very Important,Very Important,Important,Important,Important,,NTUC
IR14521,40,MALE,SOFTWARE ENGINEER,MARRIED,5,76331,22583,RESTAURANTS,851351,89679,Private,Very Important,Very Important,Very Important,,Important,Important,,NTUC
IR14039,40,MALE,ACCOUNT MANAGER,MARRIED,7,45777,18452,GOLD LOAN,987611,39999,Private,Very Important,Medium,Medium,Important,Important,Important,,NTUC
IR14199,40,MALE,ACCOUNT MANAGER,MARRIED,7,45777,18452,GOLD LOAN,987611,39999,Private,Very Important,Medium,Medium,Important,Important,Important,,NTUC
IR14236,40,MALE,ACCOUNT MANAGER,MARRIED,7,45777,18452,GOLD LOAN,987611,39999,Private,Very Important,Important,Important,Important,Important,Important,,NTUC
IR14914,40,MALE,DENTIST,MARRIED,6,75640,32456,HOUSING,1035600,35400,Private,Unimportant,Important,Very Important,Medium,Important,Important,,NTUC
IR14357,40,MALE,FIRE DEPARTMENT,MARRIED,2,77805,16699,HOUSING,1115164,87189,Private,Unimportant,Important,Very Important,Medium,Very Important,Important,,NTUC
IR14859,40,MALE,DRIVER,MARRIED,6,40838,25788,AGRICULTURE,1182282,37338,Private,Important,Medium,Medium,Medium,Medium,Medium,,NTUC
IR15099,40,MALE,DRIVER,MARRIED,6,35838,19788,AGRICULTURE,1182282,37338,Private,Very Important,Medium,Medium,Medium,Medium,Medium,,AIA
IR14446,40,MALE,TEACHER,MARRIED,5,45862,20185,GOLD LOAN,1218291,71089,Private,Very Important,Important,Important,Very Important,Very Important,Very Important,,PRU
IR14699,40,FEMALE,SOFTWARE ENGINEER,SINGLE,4,38085,43464,ELECTRONICS,1719010,86384,Private,Important,Medium,Medium,Very Important,Very Important,Very Important,,NTUC
IR14128,40,FEMALE,CLERK,MARRIED,3,750000,25641,GOLD LOAN,214569,16324,Private,Unimportant,Very Important,Very Important,Unimportant,Medium,Unimportant,,NTUC
IR15107,40,FEMALE,CHARTERED APPRAISER,MARRIED,2,45889,44256,HOUSING,347254,37966,Private,Very Important,Very Important,Very Important,Important,Important,Important,,AIA
IR14867,40,FEMALE,CHARTERED APPRAISER,SINGLE,2,46389,42256,EDUCATIONAL LOAN,347254,37966,Private,Very Important,Medium,Medium,Important,Important,Important,,PRU
IR14915,40,FEMALE,TEACHER,MARRIED,4,45678,23456,TRAVELLING,456790,24560,Private,Very Important,Important,Important,Important,Important,Important,,NTUC
IR14349,40,MALE,DOCTOR,MARRIED,3,53852,28974,BOOK STORES,587831,72810,Private,Very Important,Very Important,Very Important,Important,Important,Important,,NTUC
IRI4148,40,MALE,SYSTEM OFFICER,MARRIED,5,56780,24560,GOLD LOAN,854000,23700,Private,Important,Important,Important,Important,Important,Important,,NTUC
IR14926,40,FEMALE,BANK MANAGER,MARRIED,5,60740,31245,GOLD LOAN,867590,46700,Private,Medium,Very Important,Very Important,Important,Important,Important,,AIA
IR14359,40,MALE,CLERK,MARRIED,5,54529,27102,COMPUTER SOFTWARES,988339,22119,Private,Very Important,Very Important,Very Important,Important,Important,Important,,NTUC
IR14653,40,FEMALE,BUSINESS,MARRIED,4,46477,43292,HOUSING,1268582,70231,Private,Very Important,Very Important,Very Important,Very Important,Very Important,Very Important,,NTUC
IR14814,40,MALE,DIETICIAN,MARRIED,2,46499,24376,BUILDING,95270,30385,Private,Important,Important,Important,Medium,Important,Medium,,AIA
IR14785,40,FEMALE,DRIVER,SINGLE,5,38687,17562,HOUSING,180826,81601,Private,Important,Medium,Medium,Medium,Medium,Medium,,AIA
IR15027,40,MALE,DOCTOR,SINGLE,4,79580,43518,SHOPPING,339171,84824,Private,Unimportant,Very Important,Very Important,Unimportant,Important,Important,,NTUC
IR14718,40,MALE,DOCTOR,SINGLE,4,77580,43518,SHOPPING,339171,84824,Private,Unimportant,Very Important,Very Important,Medium,Important,Important,,AIA
IR14607,40,MALE,NAVY,MARRIED,5,70823,23243,DINNING,537238,37626,Private,Unimportant,Important,Very Important,Important,Important,Important,,AIA
IR14092,40,MALE,SYSTEM ENGINEER,MARRIED,4,52364,45612,GOLD LOAN,654725,67451,Private,Very Important,Important,Important,Important,Important,Important,,PRU
IR14311,40,MALE,SYSTEM ENGINEER,MARRIED,4,52364,45612,GOLD LOAN,654725,67451,Private,Very Important,Important,Important,Important,Important,Important,,PRU
IR14120,40,FEMALE,TEACHER,MARRIED,3,50000,42563,RESTAURANTS,654120,45127,Private,Very Important,Very Important,Very Important,Important,Important,Important,,AIA
IR14689,40,FEMALE,CLERK,MARRIED,3,81182,25773,HOUSING,755157,41755,Private,Unimportant,Very Important,Very Important,Unimportant,Important,Important,,AIA
IR14099,40,FEMALE,DOCTOR,MARRIED,4,72154,45286,AUTOMOBILE,754126,19524,Private,Unimportant,Very Important,Very Important,Medium,Important,Important,,PRU
IR14171,40,FEMALE,DOCTOR,MARRIED,4,72154,45286,AUTOMOBILE,754126,19524,Private,Unimportant,Very Important,Very Important,Medium,Important,Important,,NTUC
IR14993,40,FEMALE,CLERK,MARRIED,3,41182,22773,HOUSING,855157,41755,Private,Very Important,Important,Important,Important,Important,Important,,NTUC
IR14629,40,FEMALE,DOCTOR,SINGLE,2,76833,22248,GOLD LOAN,1044964,63105,Private,Important,Medium,Medium,,Important,Important,,AIA
IR14806,40,MALE,ARMY,SINGLE,6,67129,16487,BUSINESS,167995,37222,Private,Medium,Important,Very Important,Important,Important,Important,,NTUC
IR14333,40,FEMALE,DATA ANALYST,MARRIED,4,57097,16144,TRAVELLING,917886,89636,Private,Important,Very Important,Very Important,Important,Important,Important,,NTUC
IR14928,40,MALE,DATA ENGINEER,MARRIED,6,55675,25670,HOUSING,1067890,34670,Private,Important,Very Important,Very Important,Very Important,Very Important,Very Important,,NTUC
IR14704,40,MALE,EXECUTIVE,SINGLE,2,57460,48959,BUSINESS,1073372,72858,Private,Important,Important,Important,Very Important,Very Important,Very Important,,NTUC
IR15009,40,MALE,EXECUTIVE,SINGLE,2,67460,45959,BUSINESS,1173372,62858,Private,Medium,Very Important,Very Important,Very Important,Very Important,Very Important,,AIA
IR14875,40,FEMALE,BUSINESS,MARRIED,6,66922,26423,AGRICULTURE,1322197,12086,Private,Medium,Important,Very Important,Very Important,Very Important,Very Important,,AIA
IR14829,40,MALE,DRIVER,SINGLE,4,61021,16440,RESTAURANTS,1470269,59449,Private,Medium,Important,Important,Very Important,Very Important,Very Important,,AIA
IR14049,40,MALE,BANK MANAGER,MARRIED,4,45999,14500,TRAVELLING,79999,6700,Private,Very Important,Important,Important,Medium,Important,Medium,,AIA
IR14215,40,MALE,BANK MANAGER,MARRIED,4,45999,14500,TRAVELLING,79999,6700,Private,Very Important,Important,Important,Medium,Important,Medium,,AIA
IR14224,40,MALE,BANK MANAGER,MARRIED,4,45999,14500,HOME APPLIANCES,79999,6700,Private,Very Important,Important,Important,Medium,Important,Medium,,AIA
IR14288,40,MALE,BANK MANAGER,MARRIED,4,45999,14500,TRAVELLING,79999,6700,Private,Very Important,Important,Important,Medium,Important,Medium,,PRU
IR14733,40,FEMALE,TEACHER,MARRIED,4,48192,36581,RESTAURANT,236617,21270,Private,Very Important,Important,Medium,Important,Important,Important,,NTUC
IR14631,40,MALE,CLERK,MARRIED,3,57807,27179,GOLD LOAN,568811,23536,Private,Important,Very Important,Very Important,Important,Important,Important,,NTUC
IR15074,40,MALE,ASSISTANT MANAGER,MARRIED,7,49612,29542,TRAVELLING,587412,65412,Private,Very Important,Very Important,Very Important,Important,Important,Important,,NTUC
IR14113,40,MALE,ASSISTANT MANAGER,MARRIED,7,45612,39542,SHOPPING,587412,65412,Private,Very Important,Medium,Medium,Important,Important,Important,,NTUC
IR14169,40,MALE,ASSISTANT MANAGER,MARRIED,7,45612,39542,SHOPPING,587412,65412,Private,Very Important,Medium,Medium,Important,Important,Important,,NTUC
IR14277,40,MALE,ASSISTANT MANAGER,MARRIED,7,45612,39542,SHOPPING,587412,65412,Private,Very Important,Medium,Medium,Important,Important,Important,,NTUC
IR14501,40,MALE,CORPORATE OFFICER,MARRIED,2,48307,19509,SHOPPING,609193,41490,Private,Very Important,Important,Medium,Important,Important,Important,,NTUC
IR14611,40,MALE,AGRICULTURAL ENGINEER,SINGLE,7,81960,14724,BUSINESS,649933,20801,Private,Unimportant,Very Important,Very Important,Unimportant,Important,Important,,NTUC
1B14094,40,MALE,ASSISTANT PROFESSOR,MARRIED,5,65214,42589,HOUSING,985412,11254,Private,Medium,Very Important,Very Important,Important,Important,Important,,PRU
1B14315,40,MALE,ASSISTANT PROFESSOR,MARRIED,5,65214,42589,HOUSING,985412,11254,Private,Medium,Very Important,Very Important,Important,Important,Important,,NTUC
IR15102,50,FEMALE,TECHNICIAN,MARRIED,3,35938,21048,RESTAURANTS,330589,46120,Private,Important,Medium,Medium,Medium,Medium,Medium,,NTUC
IR14423,50,MALE,PRODUCT ENGINEER,MARRIED,2,78863,17361,DINNING,427457,48783,Private,Unimportant,Very Important,Very Important,Unimportant,Important,Important,,NTUC
IR14339,50,MALE,STORE KEEPER,MARRIED,6,35918,19202,SHOPPING,612770,31774,Private,Important,Medium,Medium,Medium,Medium,Medium,,PRU
IR14399,50,FEMALE,PROFESSOR,MARRIED,2,56180,21896,TRAVELLING,814059,84640,Private,Important,Medium,Medium,Medium,Medium,Medium,,PRU
IR14862,50,FEMALE,TECHNICIAN,MARRIED,3,37938,33048,RESTAURANTS,1130589,46120,Private,Important,Medium,Medium,Medium,Medium,Medium,,PRU
IR15082,50,MALE,SYSTEM MANAGER,MARRIED,3,59999,29111,ELECTRONICS,60676,13000,Private,Medium,Important,Important,Unimportant,Important,Unimportant,,PRU
IR14027,50,MALE,SYSTEM MANAGER,MARRIED,3,49999,19111,RESTAURANTS,60676,13000,Private,Very Important,Very Important,Very Important,Unimportant,Important,Unimportant,,PRU
IR14178,50,MALE,SYSTEM MANAGER,MARRIED,3,49999,19111,ELECTRONICS,60676,13000,Private,Very Important,Important,Medium,Unimportant,Important,Medium,,PRU
IR14229,50,MALE,SYSTEM MANAGER,MARRIED,3,49999,19111,ELECTRONICS,60676,13000,Private,Very Important,Very Important,Very Important,Unimportant,Important,Medium,,PRU
IR14282,50,MALE,SYSTEM MANAGER,MARRIED,3,49999,19111,ELECTRONICS,60676,13000,Private,Very Important,Very Important,Very Important,Unimportant,Important,Medium,,NTUC
IR14206,50,MALE,SYSTEM MANAGER,MARRIED,3,39999,19111,AUTOMOBILE,60676,13000,Private,Important,Medium,Medium,Medium,Medium,Medium,,NTUC
IR14086,50,FEMALE,TECHNICIAN,MARRIED,5,30000,43518,RESTAURANTS,125463,52634,Private,Very Important,Medium,Medium,Medium,Medium,Medium,,PRU
IR14306,50,FEMALE,TECHNICIAN,MARRIED,5,30000,43518,AUTOMOBILE,125463,52634,Private,Very Important,Medium,Medium,Medium,Medium,Medium,,NTUC
IR14635,50,MALE,TEACHER,SINGLE,3,69961,27078,AUTOMOBILE,208327,13594,Private,Unimportant,Very Important,Very Important,Important,Important,Important,,NTUC
IRI4917,50,MALE,FIRE DEPARTMENT,MARRIED,6,57890,32456,HOME APPLIANCES,345789,32456,Private,Important,Important,Important,Important,Important,Important,,NTUC
IR14337,50,FEMALE,DENTIST,MARRIED,7,58465,43518,AUTOMOBILE,569189,27059,Private,Important,Very Important,Very Important,Important,Important,Important,,AIA
IR14486,50,FEMALE,BANK MANAGER,MARRIED,6,57697,15734,HOME APPLIANCES,653065,16304,Private,Important,Important,Important,Important,Important,Important,,NTUC
IR14336,50,MALE,PROFESSOR,MARRIED,4,69401,28234,SHOPPING,733568,38457,Private,Unimportant,Very Important,Very Important,Important,Important,Important,,NTUC
IR14509,50,MALE,PRODUCT ENGINEER,MARRIED,6,62387,20925,AUTOMOBILE,791131,17412,Private,Medium,Important,Important,Important,Important,Important,,NTUC
IR14960,50,FEMALE,BANK MANAGER,MARRIED,6,58697,35734,HOME APPLIANCES,853065,16304,Private,Important,Important,Important,Important,Important,Important,,PRU
IR14781,50,FEMALE,TEACHER,SINGLE,2,77986,47143,BUSINESS,903614,55757,Private,Unimportant,Very Important,Very Important,Medium,Important,Important,,AIA
IR14898,50,FEMALE,SOFTWARE ENGINEER,SINGLE,3,76106,42591,TRAVELLING,1179496,58257,Private,Unimportant,Important,Very Important,Unimportant,Very Important,Important,,NTUC
IR14433,50,MALE,TEACHER,MARRIED,4,42978,29709,GOLD LOAN,1552596,44746,Private,Important,Medium,Medium,Very Important,Very Important,Very Important,,NTUC
IR14324,50,MALE,PRODUCT ENGINEER,MARRIED,6,74044,16278,RESTAURANTS,609331,84319,Private,Unimportant,Very Important,Very Important,Medium,Important,Important,,AIA
IR14833,50,FEMALE,DIETICIAN,MARRIED,6,51801,49940,SHOPPING,707716,29454,Private,Important,Medium,Medium,Important,Important,Important,,AIA
IR14937,50,MALE,POLICE,MARRIED,4,43581,20619,RESTAURANTS,701924,50215,Private,Important,Medium,Medium,Important,Important,Important,,AIA
IR14846,50,MALE,POLICE,MARRIED,4,33581,21618,RESTAURANTS,801924,60215,Private,Very Important,Medium,Medium,Medium,Medium,Medium,,AIA
IR14410,50,MALE,TEACHER,MARRIED,4,75831,27487,GOLD LOAN,882714,73794,Private,Unimportant,Important,Very Important,Medium,Important,Important,,PRU
IR14799,50,FEMALE,NAVY,MARRIED,4,80188,28352,GOLD LOAN,959366,20815,Private,Unimportant,Very Important,Very Important,Unimportant,Important,Important,,NTUC
IR14655,50,FEMALE,BANK MANAGER,SINGLE,3,68918,30676,AUTOMOBILE,1265945,16997,Private,Unimportant,Very Important,Very Important,Very Important,Very Important,Very Important,,NTUC
IR14585,50,FEMALE,PILOT,SINGLE,7,81725,39629,RESTAURANT,1392577,85269,Private,Unimportant,Important,Very Important,Unimportant,Very Important,Important,,NTUC
IR14991,50,MALE,PILOT,SINGLE,7,82225,49629,HOUSING,1392577,25269,Private,Unimportant,Very Important,Very Important,Unimportant,Very Important,Important,,NTUC
IR14747,50,MALE,DOCTOR,MARRIED,2,51829,32429,BUSINESS,1643435,16469,Private,Very Important,Important,Important,Very Important,Very Important,Very Important,,NTUC
IR14740,50,FEMALE,CHARTERED APPRAISER,SINGLE,6,65023,49118,RESTAURANTS,1670805,45808,Private,Medium,Important,Very Important,Very Important,Very Important,Very Important,,NTUC
IR14604,50,MALE,ACCOUNTANT,SINGLE,7,46086,27201,AGRICULTURE,1682942,29654,Private,Very Important,Important,Important,Very Important,Very Important,Very Important,,NTUC
IR14727,50,FEMALE,DATA ENGINEER,SINGLE,2,48692,12102,RESTAURANT,233604,46408,Private,Very Important,Very Important,Very Important,Important,Important,Important,,NTUC
IR14626,50,MALE,SOFTWARE ENGINEER,MARRIED,2,52168,29991,GOLD LOAN,343770,20972,Private,Very Important,Important,Important,Important,Important,Important,,AIA
IR14371,50,MALE,AIRPORT OFFICER,MARRIED,5,73093,19194,COMPUTER SOFTWARES,446448,27801,Private,Unimportant,Very Important,Very Important,Medium,Important,Important,,AIA
IR14945,50,FEMALE,SOFTWARE ENGINEER,MARRIED,4,71210,25027,RESTAURANT,640375,34419,Private,Unimportant,Important,Very Important,Medium,Important,Important,,AIA
IR14855,50,FEMALE,SOFTWARE ENGINEER,SINGLE,4,81210,21027,RESTAURANT,740375,35419,Private,Unimportant,Very Important,Very Important,Unimportant,Important,Important,,NTUC
IR15095,50,FEMALE,SOFTWARE ENGINEER,SINGLE,4,75210,26027,HOUSING,740375,35419,Private,Unimportant,Very Important,Very Important,Medium,Important,Important,,NTUC
IR14375,50,FEMALE,PUBLIC WORKS,MARRIED,6,41645,25095,COMPUTER SOFTWARES,890578,59922,Private,Important,Medium,Medium,Important,Important,Important,,NTUC
IR15055,50,FEMALE,TEACHER,MARRIED,5,50099,29999,RESTAURANTS,30999,12000,Private,Very Important,Important,Medium,Unimportant,Medium,Unimportant,,NTUC
IR14037,50,FEMALE,TEACHER,MARRIED,5,48099,19999,RESTAURANTS,30999,12000,Private,Very Important,Very Important,Very Important,Unimportant,Medium,Unimportant,,NTUC
IR14235,50,FEMALE,TEACHER,MARRIED,5,48099,19999,RESTAURANTS,30999,12000,Private,Very Important,Very Important,Very Important,Unimportant,Medium,Unimportant,,NTUC
IR14245,50,FEMALE,TEACHER,MARRIED,5,48099,19999,RESTAURANTS,30999,12000,Private,Very Important,Very Important,Very Important,Unimportant,Medium,Unimportant,,NTUC
IR14265,50,FEMALE,TEACHER,MARRIED,5,48099,19999,RESTAURANTS,30999,12000,Private,Very Important,Very Important,Very Important,Unimportant,Important,Unimportant,,NTUC
IR14270,50,FEMALE,TEACHER,MARRIED,5,48099,19999,RESTAURANTS,30999,12000,Private,Very Important,Medium,Medium,Unimportant,Important,Unimportant,,NTUC
IR14293,50,FEMALE,TEACHER,MARRIED,5,48099,19999,TRAVELLING,30999,12000,Private,Very Important,Important,Medium,Unimportant,Important,Unimportant,,NTUC
IR15062,50,FEMALE,TEACHER,MARRIED,5,45099,21999,RESTAURANTS,30999,12000,Private,Important,Medium,Medium,Unimportant,Important,Unimportant,,NTUC
IR14197,50,FEMALE,TEACHER,MARRIED,5,48099,19999,RESTAURANTS,300999,12000,Private,Very Important,Important,Medium,Important,Important,Important,,NTUC
IR14839,50,FEMALE,TECHNICIAN,SINGLE,5,34721,14789,TRAVELLING,332838,67426,Private,Very Important,Medium,Medium,Medium,Medium,Medium,,PRU
IR14377,50,MALE,FIRE DEPARTMENT,MARRIED,2,80000,25318,SHOPPING,660937,28195,Private,Unimportant,Very Important,Very Important,Unimportant,Important,Important,,NTUC
IR14469,50,MALE,CLERK,MARRIED,3,33253,21707,RESTAURANTS,639794,22093,Private,Important,Medium,Medium,Medium,Medium,Medium,,NTUC
IR14519,50,FEMALE,TEACHER,MARRIED,6,45916,17535,COMPUTER SOFTWARES,738313,86160,Private,Very Important,Important,Important,Important,Important,Important,,AIA
IR14970,50,FEMALE,PILOT,MARRIED,6,33071,33705,COMPUTER SOFTWARES,769239,25536,Private,Very Important,Very Important,Very Important,Important,Important,Important,,NTUC
IR14962,50,MALE,PRODUCT ENGINEER,MARRIED,4,42859,28441,AUTOMOBILE,745654,32078,Private,Important,Medium,Medium,Important,Important,Important,,NTUC
IR14461,50,FEMALE,AIRPORT OFFICER,MARRIED,6,50000,43518,COMPUTER SOFTWARES,754507,37106,Private,Very Important,Very Important,Very Important,Important,Important,Important,,AIA
IR14737,50,FEMALE,POLICE,SINGLE,6,62641,36687,HOUSING,898353,26901,Private,Medium,Important,Important,Important,Important,Important,,NTUC
IR14539,50,MALE,PRODUCT ENGINEER,MARRIED,4,32859,18441,AUTOMOBILE,945654,42078,Private,Important,Medium,Medium,Medium,Medium,Medium,,NTUC
IR14505,50,FEMALE,DOCTOR,MARRIED,7,46921,21274,ELECTRONICS,999698,14360,Private,Very Important,Very Important,Very Important,Important,Important,Important,,NTUC
IR14813,50,FEMALE,BUSINESS,MARRIED,2,36338,22796,RESTAURANT,1192379,14820,Private,Very Important,Medium,Medium,Very Important,Very Important,Very Important,,AIA
IR14329,50,FEMALE,ASSISTANT MANAGER,MARRIED,5,59392,25605,GOLD LOAN,1219814,39948,Private,Medium,Very Important,Very Important,Very Important,Very Important,Very Important,,NTUC
IR14444,50,FEMALE,PRODUCT ENGINEER,MARRIED,4,67184,17813,HOUSING,1254038,80008,Private,Medium,Very Important,Very Important,Very Important,Very Important,Very Important,,NTUC
IR14795,50,FEMALE,TEACHER,SINGLE,7,53832,18748,GOLD LOAN,1503911,50787,Private,Very Important,Important,Important,Very Important,Very Important,Very Important,,NTUC
IR14557,50,FEMALE,PILOT,MARRIED,6,54457,43705,COMPUTER SOFTWARES,1769239,20536,Private,Very Important,Important,Important,Very Important,Very Important,Very Important,,NTUC
IR14204,50,MALE,AIRPORT OFFICER,MARRIED,6,81000,62541,DINNING,2045789,16599,Private,Unimportant,Very Important,Very Important,Unimportant,Very Important,Important,,NTUC
IR14104,50,MALE,AIRPORT OFFICER,MARRIED,6,80000,32541,AUTOMOBILE,2045789,16599,Private,Unimportant,Very Important,Very Important,Unimportant,Very Important,Important,,NTUC
IR14158,50,MALE,AIRPORT OFFICER,MARRIED,6,80000,62541,AUTOMOBILE,2045789,16599,Private,Unimportant,Very Important,Very Important,Unimportant,Very Important,Important,,NTUC
IR14176,50,MALE,AIRPORT OFFICER,MARRIED,6,80000,62541,HOUSING,2045789,16599,Private,Unimportant,Very Important,Very Important,Unimportant,Very Important,Important,,NTUC
IR14227,50,MALE,AIRPORT OFFICER,MARRIED,6,80000,62541,HOUSING,2045789,16599,Private,Unimportant,Very Important,Very Important,Unimportant,Very Important,Important,,NTUC
IR14253,50,MALE,AIRPORT OFFICER,MARRIED,6,80000,42541,HOUSING,2045789,16599,Private,Unimportant,Very Important,Very Important,Unimportant,Very Important,Important,,NTUC
IR14299,50,MALE,AIRPORT OFFICER,MARRIED,6,80000,39541,HOUSING,2045789,16599,Private,Unimportant,Very Important,Very Important,Unimportant,Very Important,Important,,NTUC
IR15057,50,FEMALE,ASSISTANT PROFESSOR,MARRIED,6,54999,25888,SHOPPING,47787,50000,Private,Very Important,Important,Important,Unimportant,Important,Unimportant,,NTUC
IR15048,50,FEMALE,NURSE,MARRIED,6,38999,24888,SHOPPING,47787,50000,Private,Important,Medium,Medium,Unimportant,Medium,Medium,,NTUC
IR14024,50,FEMALE,NURSE,MARRIED,6,34999,19888,AUTOMOBILE,47787,50000,Private,Very Important,Medium,Medium,Medium,Medium,Medium,,NTUC
IR14194,50,FEMALE,NURSE,MARRIED,6,34999,19888,TRAVELLING,47787,50000,Private,Very Important,Medium,Medium,Medium,Medium,Medium,,NTUC
IR14242,50,FEMALE,NURSE,MARRIED,6,34999,19888,SHOPPING,47787,50000,Private,Very Important,Medium,Medium,Medium,Medium,Medium,,NTUC
IR14261,50,FEMALE,NURSE,MARRIED,6,34999,19888,SHOPPING,47787,50000,Private,Very Important,Medium,Medium,Medium,Medium,Medium,,NTUC
IR14267,50,FEMALE,ASSISTANT PROFESSOR,MARRIED,6,34999,19888,SHOPPING,47787,50000,Private,Important,Medium,Medium,Medium,Medium,Medium,,PRU
IR14289,50,FEMALE,NURSE,MARRIED,6,34999,19888,HOUSING,477870,50000,Private,Very Important,Medium,Medium,Medium,Medium,Medium,,NTUC
IR14463,50,MALE,CLERK,MARRIED,3,51301,17208,RESTAURANTS,642497,12809,Private,Very Important,Very Important,Very Important,Important,Important,Important,,NTUC
IR14957,50,MALE,AIRPORT OFFICER,MARRIED,7,66314,29648,EDUCATIONAL LOAN,677934,58193,Private,Medium,Very Important,Very Important,Important,Important,Important,,NTUC
IR14427,50,MALE,POLICE,MARRIED,2,60403,15913,SHOPPING,738306,54387,Private,Medium,Important,Important,Important,Important,Important,,AIA
IR14340,50,MALE,BANK MANAGER,MARRIED,7,51346,21710,DINNING,766547,21170,Private,Very Important,Important,Important,Important,Important,Important,,NTUC
IR14457,50,MALE,CIVIL ENGINEER,MARRIED,4,58784,18480,AUTOMOBILE,914252,84095,Private,Important,Very Important,Very Important,Important,Important,Important,,PRU
IR14480,50,MALE,AIRPORT OFFICER,MARRIED,7,56314,19648,EDUCATIONAL LOAN,977934,78193,Private,Important,Very Important,Very Important,Important,Important,Important,,PRU
IR14533,50,FEMALE,TEACHER,MARRIED,3,34275,29967,BOOK STORES,1021994,39955,Private,Important,Medium,Medium,Medium,Medium,Medium,,AIA
IR14589,50,MALE,FARMER,SINGLE,3,51162,12591,AGRICULTURE,104758,75535,Private,Very Important,Very Important,Very Important,Medium,Important,Medium,,NTUC
IR14871,50,MALE,EXECUTIVE,MARRIED,4,59534,33239,EDUCATIONAL LOAN,349976,18405,Private,Medium,Important,Important,Important,Important,Important,,AIA
IR14383,50,MALE,PRODUCT ENGINEER,MARRIED,5,44130,27092,SHOPPING,426730,76010,Private,Important,Medium,Medium,Important,Important,Important,,NTUC
IR14675,50,MALE,AGRICULTURAL ENGINEER,MARRIED,4,58909,23866,AGRICULTURE,560187,31603,Private,Important,Medium,Medium,Important,Important,Important,,NTUC
IR14951,50,MALE,TEACHER,MARRIED,7,54836,28984,ELECTRONICS,592037,32068,Private,Very Important,Important,Important,Important,Important,Important,,NTUC
IR14146,50,MALE,FIRE DEPARTMENT,MARRIED,6,67890,34567,TRAVELLING,678500,13560,Private,Unimportant,Very Important,Very Important,Important,Important,Important,,AIA
IR14472,50,MALE,TEACHER,MARRIED,7,34836,18984,ELECTRONICS,692037,42068,Private,Very Important,Medium,Medium,Medium,Medium,Medium,,NTUC
IR14503,50,MALE,ASSISTANT MANAGER,MARRIED,4,83357,24925,HOUSING,808369,32196,Private,Unimportant,Very Important,Very Important,Unimportant,Important,Important,,NTUC
IR14109,50,MALE,DRIVER,MARRIED,5,30000,15426,TRAVELLING,921456,20000,Private,Important,Medium,Medium,Medium,Medium,Medium,,NTUC
IR14164,50,MALE,DRIVER,MARRIED,5,30000,15426,TRAVELLING,921456,20000,Private,Important,Medium,Medium,Medium,Medium,Medium,,AIA
IR14251,50,MALE,DRIVER,MARRIED,5,30000,15426,GOLD LOAN,921456,20000,Private,Important,Medium,Medium,Medium,Medium,Medium,,AIA
IR14050,50,MALE,CIVIL ENGINEER,MARRIED,4,34775,13999,HOUSING,1065577,19999,Private,Unimportant,Very Important,Very Important,Unimportant,Very Important,Important,,AIA
IR14225,50,MALE,CIVIL ENGINEER,MARRIED,4,35275,13999,HOUSING,1065577,19999,Private,Unimportant,Very Important,Very Important,Unimportant,Very Important,Important,,NTUC
IR14303,50,MALE,CIVIL ENGINEER,MARRIED,4,35775,13999,HOUSING,1065577,19999,Private,Unimportant,Very Important,Very Important,Unimportant,Very Important,Important,,PRU
IR14126,50,MALE,FIRE DEPARTMENT,MARRIED,5,54123,43518,RESTAURANTS,412365,18524,Private,Very Important,Important,Important,Important,Important,Important,,NTUC
IR14909,50,FEMALE,POLICE,WIDOWED,3,44945,25513,GOLD LOAN,453196,54235,Private,Important,Medium,Medium,Important,Important,Important,,PRU
IR14787,50,MALE,CLERK,MARRIED,5,49076,18730,HOUSING,467795,64234,Private,Very Important,Important,Medium,Important,Important,Important,,PRU
IR14111,50,FEMALE,CORPORATE OFFICER,MARRIED,3,52143,43518,COMPUTER SOFTWARES,7541236,11111,Private,Very Important,Very Important,Very Important,Very Important,Very Important,Very Important,,NTUC
IR14167,50,FEMALE,CORPORATE OFFICER,MARRIED,3,52143,43518,AUTOMOBILE,7541236,11111,Private,Very Important,Very Important,Very Important,Very Important,Very Important,Very Important,,AIA
IR14729,50,MALE,CHARTERED APPRAISER,SINGLE,5,70952,15709,RESTAURANT,204833,20711,Private,Unimportant,Very Important,Very Important,Medium,Important,Medium,,NTUC
IR14881,50,MALE,ACCOUNTANT,MARRIED,4,57555,37068,HOME APPLIANCES,675232,70922,Private,Important,Important,Important,Important,Important,Important,,NTUC
IR14985,50,MALE,CHARTERED APPRAISER,MARRIED,7,75630,35346,RESTAURANTS,695573,35538,Private,Unimportant,Important,Very Important,Medium,Important,Important,,NTUC
IR14054,50,FEMALE,DOCTOR,MARRIED,5,60000,25000,HOUSING,900000,21000,Private,Medium,Very Important,Very Important,Important,Important,Important,,NTUC
IR14590,50,MALE,DRIVER,SINGLE,5,45457,25922,GOLD LOAN,905203,30211,Private,Very Important,Important,Important,Important,Important,Important,,NTUC
IR14775,50,MALE,POLICE,WIDOWED,2,57319,30980,HOUSING,1488726,57758,Private,Important,Very Important,Very Important,Very Important,Very Important,Very Important,,NTUC
IRI4153,50,MALE,SYSTEM ENGINEER,MARRIED,6,76800,43518,TRAVELLING,1659080,29000,Private,Unimportant,Important,Very Important,Medium,Very Important,Important,,NTUC
IR14579,50,MALE,CHARTERED APPRAISER,MARRIED,7,65630,30346,RESTAURANTS,1695573,49538,Private,Medium,Important,Very Important,Very Important,Very Important,Very Important,,NTUC
IR14702,50,FEMALE,NAVY,WIDOWED,2,71171,26078,RESTAURANT,456808,58510,Private,Unimportant,Very Important,Very Important,Medium,Important,Important,,NTUC
IR15007,50,FEMALE,NAVY,WIDOWED,2,75171,36078,RESTAURANT,556808,58510,Private,Unimportant,Important,Very Important,Medium,Important,Important,,AIA
IR14883,50,MALE,AGRICULTURAL ENGINEER,WIDOWED,5,72052,45311,HOME APPLIANCES,576136,75822,Private,Unimportant,Important,Very Important,Medium,Important,Important,,AIA
IR14201,50,FEMALE,ASSISTANT PROFESSOR,MARRIED,4,60999,22999,AUTOMOBILE,599934,9000,Private,Medium,Important,Important,Important,Important,Important,,AIA
IR14041,50,FEMALE,ASSISTANT PROFESSOR,MARRIED,4,50999,22999,EDUCATIONAL LOAN,599934,9000,Private,Very Important,Important,Medium,Important,Important,Important,,NTUC
IR14238,50,FEMALE,ASSISTANT PROFESSOR,MARRIED,4,50999,22999,EDUCATIONAL LOAN,599934,9000,Private,Very Important,Important,Medium,Important,Important,Important,,NTUC
IR14822,50,MALE,EXECUTIVE,MARRIED,7,57749,47280,BUSINESS,661461,79932,Private,Important,Important,Important,Important,Important,Important,,NTUC
IR14615,50,MALE,DENTIST,MARRIED,5,81507,25958,AGRICULTURE,831263,63833,Private,Unimportant,Very Important,Very Important,Unimportant,Important,Important,,NTUC
IR14753,50,FEMALE,CHARTERED APPRAISER,SINGLE,5,74179,31530,BUSINESS,1428709,66854,Private,Unimportant,Very Important,Very Important,Medium,Very Important,Important,,NTUC
IR14526,50,MALE,DATA ANALYST,MARRIED,2,80438,27773,GOLD LOAN,1649570,79727,Private,Unimportant,Very Important,Very Important,Unimportant,Very Important,Important,,NTUC
IR14686,50,MALE,BUSINESS,MARRIED,6,37585,36062,GOLD LOAN,1672628,13765,Private,Important,Medium,Medium,Medium,Medium,Medium,,NTUC
IR14082,60,FEMALE,TEACHER,MARRIED,5,70000,40000,GOLD LOAN,257789,10058,Private,Unimportant,Very Important,Very Important,Important,Important,Important,,NTUC
