ID,Insurance Provider,Gender,Age,Occupation,Marital Status,Family Size,Income,Expenditure,Loan Category,Loan Amount,Pending Payemnt
1,AXA,FEMALE,21,CLERK,MARRIED,3,750000,25641,GOLD LOAN,214569,16324
2,AXA,FEMALE,21,BANK MANAGER,MARRIED,4,930000,35680,HOUSING,679040,34000
3,AXA,FEMALE,24,PRODUCT ENGINEER,MARRIED,6,118927,29000,SHOPPING,80660,4500
4,AXA,FEMALE,24,SOFTWARE ENGINEER,MARRIED,6,112333,29000,COMPUTER SOFTWARES,80660,4500
5,AXA,FEMALE,24,DRIVER,MARRIED,3,42792,25854,GOLD LOAN,15350,64906
6,AXA,FEMALE,24,PRODUCT ENGINEER,MARRIED,6,105739,29000,COMPUTER SOFTWARES,80660,4500
7,AXA,FEMALE,24,DATA ANALYST,SINGLE,4,60111,28999,AUTOMOBILE,35232,33333
8,AXA,FEMALE,24,DATA ANALYST,SINGLE,4,60111,28999,RESTAURANTS,35232,33333
9,AXA,FEMALE,24,DATA ANALYST,SINGLE,4,60111,28999,RESTAURANTS,35232,33333
10,AXA,FEMALE,24,CLERK,MARRIED,7,78409,18566,TRAVELLING,54177,15938
11,AXA,FEMALE,24,TEACHER,MARRIED,5,50099,29999,RESTAURANTS,30999,12000
12,AXA,FEMALE,25,TEACHER,MARRIED,5,48099,19999,RESTAURANTS,30999,12000
13,AXA,FEMALE,26,TEACHER,MARRIED,5,48099,19999,RESTAURANTS,30999,12000
14,AXA,FEMALE,26,TEACHER,MARRIED,5,48099,19999,RESTAURANTS,30999,12000
15,AXA,FEMALE,26,TEACHER,MARRIED,5,48099,19999,RESTAURANTS,30999,12000
16,AXA,FEMALE,26,TEACHER,MARRIED,5,48099,19999,RESTAURANTS,30999,12000
17,AXA,FEMALE,26,TEACHER,MARRIED,5,48099,19999,TRAVELLING,30999,12000
18,AXA,FEMALE,26,TEACHER,MARRIED,5,45099,21999,RESTAURANTS,30999,12000
19,AXA,FEMALE,27,PROFESSOR,MARRIED,6,59000,19999,AUTOMOBILE,50000,33999
20,AXA,FEMALE,27,ASSISTANT PROFESSOR,MARRIED,6,54999,25888,SHOPPING,47787,50000
21,Raffles,FEMALE,27,PROFESSOR,MARRIED,6,51000,19999,SHOPPING,50000,33999
22,Raffles,FEMALE,27,PROFESSOR,MARRIED,6,51000,19999,SHOPPING,50000,33999
23,AXA,FEMALE,27,SYSTEM MANAGER,MARRIED,3,59999,29111,ELECTRONICS,60676,13000
24,AXA,FEMALE,28,PRODUCT ENGINEER,MARRIED,6,79363,29000,COMPUTER SOFTWARES,80660,4500
25,AXA,FEMALE,28,SOFTWARE ENGINEER,MARRIED,5,55999,23999,AUTOMOBILE,60999,0
26,AXA,FEMALE,28,SOFTWARE ENGINEER,MARRIED,5,55999,23999,HOME APPLIANCES,60999,0
27,AXA,FEMALE,28,SOFTWARE ENGINEER,MARRIED,6,74757,32000,COMPUTER SOFTWARES,80660,4500
28,Raffles,FEMALE,28,NURSE,MARRIED,6,38999,24888,SHOPPING,47787,50000
29,AXA,FEMALE,29,SYSTEM MANAGER,MARRIED,3,49999,19111,RESTAURANTS,60676,13000
30,AXA,FEMALE,29,SYSTEM MANAGER,MARRIED,3,49999,19111,ELECTRONICS,60676,13000
31,AXA,FEMALE,29,SYSTEM MANAGER,MARRIED,3,49999,19111,ELECTRONICS,60676,13000
32,AXA,FEMALE,29,SYSTEM MANAGER,MARRIED,3,49999,19111,ELECTRONICS,60676,13000
33,Raffles,FEMALE,29,NURSE,MARRIED,6,34999,19888,AUTOMOBILE,47787,50000
34,AXA,FEMALE,29,NURSE,MARRIED,6,34999,19888,TRAVELLING,47787,50000
35,Raffles,FEMALE,29,NURSE,MARRIED,6,34999,19888,SHOPPING,47787,50000
36,Raffles,FEMALE,29,NURSE,MARRIED,6,34999,19888,SHOPPING,47787,50000
37,Prudential,FEMALE,30,ASSISTANT PROFESSOR,MARRIED,6,34999,19888,SHOPPING,47787,50000
38,Prudential,FEMALE,30,DENTIST,SINGLE,3,58450,27675,TRAVELLING,75000,20876
39,Raffles,FEMALE,30,DENTIST,SINGLE,3,58450,27675,TRAVELLING,75000,20876
40,AXA,FEMALE,30,DENTIST,SINGLE,3,58450,27675,TRAVELLING,75000,20876
41,Prudential,FEMALE,30,SYSTEM MANAGER,MARRIED,3,39999,19111,AUTOMOBILE,60676,13000
42,Prudential,FEMALE,30,PRODUCT ENGINEER,MARRIED,6,40499,29000,COMPUTER SOFTWARES,80660,4500
43,Prudential,FEMALE,30,SYSTEM OFFICER,MARRIED,6,75250,32541,EDUCATIONAL LOAN,102256,14256
44,Prudential,FEMALE,30,SYSTEM OFFICER,MARRIED,6,75250,32541,EDUCATIONAL LOAN,102256,14256
45,Prudential,FEMALE,31,SYSTEM OFFICER,MARRIED,6,75250,35541,EDUCATIONAL LOAN,102256,14256
46,Prudential,FEMALE,31,PRODUCT ENGINEER,MARRIED,6,75750,29000,SHOPPING,80660,4500
47,AXA,FEMALE,31,PRODUCT ENGINEER,MARRIED,6,76250,26000,COMPUTER SOFTWARES,80660,4500
48,Prudential,FEMALE,31,PRODUCT ENGINEER,MARRIED,6,76750,29000,AUTOMOBILE,80660,4500
49,Prudential,FEMALE,31,FIRE DEPARTMENT,MARRIED,4,40000,18888,AUTOMOBILE,70000,0
50,Prudential,FEMALE,31,BANK MANAGER,MARRIED,4,45999,14500,TRAVELLING,79999,6700
51,Prudential,FEMALE,31,BANK MANAGER,MARRIED,4,45999,14500,TRAVELLING,79999,6700
52,Prudential,FEMALE,32,BANK MANAGER,MARRIED,4,45999,14500,HOME APPLIANCES,79999,6700
53,Prudential,FEMALE,32,BANK MANAGER,MARRIED,4,45999,14500,TRAVELLING,79999,6700
54,Prudential,FEMALE,32,DIETICIAN,MARRIED,2,46499,24376,BUILDING,95270,30385
55,Prudential,FEMALE,32,FARMER,SINGLE,3,51162,12591,AGRICULTURE,104758,75535
56,Prudential,FEMALE,32,CLERK,SINGLE,3,35000,9000,GOLD LOAN,100000,12584
57,Prudential,FEMALE,32,FARMER,MARRIED,7,35500,40246,AGRICULTURE,109000,28764
58,Prudential,FEMALE,32,DATA ENGINEER,SINGLE,6,42827,36410,RESTAURANT,125982,75739
59,Prudential,FEMALE,32,TEACHER,SINGLE,4,49370,21720,SHOPPING,140556,40378
60,Prudential,FEMALE,33,TECHNICIAN,MARRIED,5,30000,43518,RESTAURANTS,125463,52634
61,Prudential,FEMALE,33,TECHNICIAN,MARRIED,5,30000,43518,AUTOMOBILE,125463,52634
62,Prudential,FEMALE,33,SOFTWARE ENGINEER,MARRIED,7,50568,30010,RESTAURANT,146770,37354
63,Prudential,FEMALE,33,SOFTWARE ENGINEER,MARRIED,7,49568,44010,RESTAURANT,146770,37354
64,Prudential,FEMALE,33,ARMY,SINGLE,6,67129,16487,BUSINESS,167995,37222
65,Prudential,FEMALE,33,BUSINESS,MARRIED,4,50604,19918,HOUSING,164081,16514
66,Prudential,FEMALE,33,BANK MANAGER,MARRIED,5,68366,19326,DINNING,188617,38410
67,Prudential,FEMALE,33,BUSINESS,MARRIED,5,35407,21876,GOLD LOAN,157459,36058
68,Prudential,FEMALE,34,STORE KEEPER,SINGLE,5,40999,11999,BOOK STORES,167654,4500
69,Prudential,FEMALE,34,STORE KEEPER,SINGLE,5,40999,11999,AUTOMOBILE,167654,4500
70,Prudential,FEMALE,35,STORE KEEPER,SINGLE,5,40999,11999,BOOK STORES,167654,4500
71,Prudential,FEMALE,35,STORE KEEPER,SINGLE,5,40999,11999,BOOK STORES,167654,4500
72,Prudential,FEMALE,36,TEACHER,SINGLE,4,35020,26286,SHOPPING,162449,22862
73,Prudential,FEMALE,36,CHARTERED APPRAISER,SINGLE,5,70952,15709,RESTAURANT,204833,20711
74,Prudential,FEMALE,36,TEACHER,SINGLE,3,69961,27078,AUTOMOBILE,208327,13594
75,Prudential,FEMALE,36,BUSINESS,MARRIED,5,35407,21876,GOLD LOAN,177459,56058
76,Prudential,FEMALE,36,DRIVER,SINGLE,5,38687,17562,HOUSING,180826,81601
77,Prudential,FEMALE,36,BANK MANAGER,MARRIED,6,55670,32500,TRAVELLING,200560,34600
78,Prudential,FEMALE,36,SOFTWARE ENGINEER,SINGLE,5,56000,22376,SHOPPING,206750,23450
79,Prudential,FEMALE,37,POLICE,SINGLE,4,45521,43518,AUTOMOBILE,200000,43898
80,Prudential,FEMALE,37,POLICE,SINGLE,4,44521,11999,AUTOMOBILE,200000,43898
81,Prudential,FEMALE,37,POLICE,SINGLE,4,43521,11999,AUTOMOBILE,200000,43898
82,Prudential,FEMALE,37,POLICE,SINGLE,4,43521,11999,AUTOMOBILE,200000,43898
83,Prudential,FEMALE,37,POLICE,SINGLE,4,43521,11999,AUTOMOBILE,200000,43898
84,Prudential,FEMALE,38,DENTIST,SINGLE,7,49744,23564,COMPUTER SOFTWARES,207979,36588
85,Prudential,FEMALE,38,CLERK,MARRIED,7,42751,21265,RESTAURANT,203787,70319
86,Prudential,FEMALE,38,DENTIST,MARRIED,7,41247,20755,GOLD LOAN,227503,80114
87,Prudential,FEMALE,38,TEACHER,MARRIED,5,70000,40000,GOLD LOAN,257789,10058
88,Prudential,FEMALE,38,TEACHER,MARRIED,4,48192,36581,RESTAURANT,236617,21270
89,Prudential,FEMALE,38,DATA ENGINEER,SINGLE,2,48692,12102,RESTAURANT,233604,46408
90,Prudential,FEMALE,38,DIETICIAN,SINGLE,2,102334,17725,BUSINESS,312602,44634
91,Prudential,FEMALE,39,POLICE,MARRIED,6,33763,31191,AUTOMOBILE,260038,49153
92,Prudential,FEMALE,39,BANK MANAGER,SINGLE,6,55639,23775,HOUSING,284938,80269
93,Prudential,FEMALE,39,CIVIL ENGINEER,MARRIED,6,75415,29047,ELECTRONICS,312842,60993
94,Prudential,FEMALE,39,DRIVER,MARRIED,3,420792,26854,GOLD LOAN,658350,54906
95,Prudential,FEMALE,39,PILOT,SINGLE,4,83053,22355,BOOK STORES,323075,84997
96,Prudential,FEMALE,39,FARMER,SINGLE,5,76294,45744,BUILDING,318598,23866
97,AIA,FEMALE,39,DATA ENGINEER,SINGLE,2,74264,37747,RESTAURANTS,321040,55582
98,AIA,FEMALE,39,ARMY,MARRIED,5,74764,32845,GOLD LOAN,324055,63046
99,Prudential,FEMALE,39,TEACHER,MARRIED,5,48099,19999,RESTAURANTS,300999,12000
100,Prudential,FEMALE,39,CLERK,MARRIED,4,45300,15000,HOUSING,300000,5600
101,Prudential,FEMALE,39,FARMER,MARRIED,5,73656,18108,HOUSING,328952,84200
102,Prudential,FEMALE,39,DOCTOR,SINGLE,4,79580,43518,SHOPPING,339171,84824
103,Great Eastern,FEMALE,40,DOCTOR,SINGLE,4,77580,43518,SHOPPING,339171,84824
104,Great Eastern,FEMALE,40,CLERK,MARRIED,4,38000,19000,HOUSING,300000,5600
105,Great Eastern,FEMALE,41,TEACHER,SINGLE,3,51227,17187,GOLD LOAN,314714,63843
106,Great Eastern,FEMALE,41,PILOT,SINGLE,4,75993,22164,DINNING,340060,17476
107,Great Eastern,FEMALE,41,CLERK,MARRIED,4,35000,15000,HOUSING,300000,5600
108,Great Eastern,FEMALE,42,CLERK,MARRIED,4,35000,15000,HOUSING,300000,5600
109,Great Eastern,FEMALE,42,TEACHER,MARRIED,3,35500,27187,GOLD LOAN,314714,63843
110,Great Eastern,FEMALE,42,BANK MANAGER,SINGLE,2,35735,47037,RESTAURANT,312839,31432
111,Great Eastern,FEMALE,42,NURSE,SINGLE,6,51199,15753,COMPUTER SOFTWARES,331716,57156
112,Great Eastern,FEMALE,42,FIRE DEPARTMENT,MARRIED,6,57890,32456,HOME APPLIANCES,345789,32456
113,Great Eastern,FEMALE,42,EXECUTIVE,MARRIED,4,59534,33239,EDUCATIONAL LOAN,349976,18405
114,Great Eastern,FEMALE,42,SOFTWARE ENGINEER,MARRIED,2,38170,19224,SHOPPING,329277,57381
115,Great Eastern,FEMALE,42,SOFTWARE ENGINEER,MARRIED,2,52168,29991,GOLD LOAN,343770,20972
116,Great Eastern,FEMALE,42,TECHNICIAN,MARRIED,3,35938,21048,RESTAURANTS,330589,46120
117,Great Eastern,FEMALE,42,TECHNICIAN,SINGLE,5,34721,14789,TRAVELLING,332838,67426
118,Great Eastern,FEMALE,42,PILOT,SINGLE,4,35221,28164,DINNING,340060,17476
119,Great Eastern,FEMALE,43,TEACHER,MARRIED,4,45389,43518,HOME APPLIANCES,350050,24000
120,Great Eastern,FEMALE,43,CHARTERED APPRAISER,MARRIED,2,45889,44256,HOUSING,347254,37966
121,Great Eastern,FEMALE,43,CHARTERED APPRAISER,SINGLE,2,46389,42256,EDUCATIONAL LOAN,347254,37966
122,Great Eastern,FEMALE,43,CLERK,MARRIED,3,46889,24020,DINNING,404473,34322
123,Great Eastern,FEMALE,43,ELECTRICIAN,MARRIED,4,30000,15000,HOUSING,354789,32154
124,Great Eastern,FEMALE,43,ELECTRICIAN,MARRIED,4,30000,15000,HOUSING,354789,32154
125,Great Eastern,FEMALE,43,BANK MANAGER,MARRIED,5,63070,25306,TRAVELLING,387941,15604
126,AIA,FEMALE,43,FARMER,SINGLE,5,78294,40744,BUILDING,418598,23866
127,Great Eastern,FEMALE,44,PUBLIC WORKS,MARRIED,4,58000,27000,TRAVELLING,400000,19954
128,AIA,FEMALE,44,BUSINESS,SINGLE,7,34444,45690,SHOPPING,380248,15020
129,Great Eastern,FEMALE,44,PRODUCT ENGINEER,MARRIED,2,78863,17361,DINNING,427457,48783
130,Great Eastern,FEMALE,44,DIETICIAN,SINGLE,3,46841,24989,TRAVELLING,400085,41436
131,Great Eastern,FEMALE,44,TEACHER,SINGLE,3,45008,17454,AUTOMOBILE,399435,51987
132,Great Eastern,FEMALE,44,TEACHER,SINGLE,3,45008,17454,AUTOMOBILE,399435,51987
133,Great Eastern,FEMALE,44,TEACHER,SINGLE,3,45008,17454,AUTOMOBILE,399435,51987
134,Great Eastern,FEMALE,44,TEACHER,SINGLE,3,45008,17454,AUTOMOBILE,399435,51987
135,Great Eastern,FEMALE,44,FIRE DEPARTMENT,MARRIED,5,54123,43518,RESTAURANTS,412365,18524
136,Great Eastern,FEMALE,44,AIRPORT OFFICER,SINGLE,4,40000,18888,RESTAURANTS,400000,11111
137,Great Eastern,FEMALE,44,SOFTWARE ENGINEER,SINGLE,4,40000,22000,GOLD LOAN,400000,15647
138,Great Eastern,FEMALE,45,DIETICIAN,SINGLE,3,40060,23989,GOLD LOAN,400085,41436
139,Great Eastern,FEMALE,45,PUBLIC WORKS,MARRIED,4,38000,20000,GOLD LOAN,400000,19954
140,Great Eastern,FEMALE,45,PUBLIC WORKS,MARRIED,4,38000,20000,GOLD LOAN,400000,19954
141,Great Eastern,FEMALE,45,PUBLIC WORKS,MARRIED,4,38000,20000,GOLD LOAN,400000,19954
142,Great Eastern,FEMALE,45,TECHNICIAN,SINGLE,5,79363,18706,BUSINESS,442793,18431
143,AIA,FEMALE,45,SOFTWARE ENGINEER,MARRIED,4,80720,34362,RESTAURANTS,453798,85688
144,Great Eastern,FEMALE,45,AIRPORT OFFICER,MARRIED,5,73093,19194,COMPUTER SOFTWARES,446448,27801
145,Great Eastern,FEMALE,46,TEACHER,SINGLE,3,41227,19187,HOUSING,414714,53843
146,Great Eastern,FEMALE,46,PRODUCT ENGINEER,MARRIED,5,44130,27092,SHOPPING,426730,76010
147,AIA,FEMALE,46,NAVY,WIDOWED,2,71171,26078,RESTAURANT,456808,58510
148,Great Eastern,FEMALE,46,PUBLIC WORKS,SINGLE,3,45228,27839,SHOPPING,439976,57559
149,Great Eastern,FEMALE,46,DOCTOR,MARRIED,2,74657,46762,RESTAURANT,474793,56338
150,Great Eastern,FEMALE,46,EXECUTIVE,SINGLE,5,78975,49225,BUSINESS,479113,64563
151,Great Eastern,FEMALE,47,NUTRITION,MARRIED,6,55650,31245,TRAVELLING,456780,23456
152,Great Eastern,FEMALE,47,DOCTOR,MARRIED,5,57453,43518,TRAVELLING,462585,72488
153,Great Eastern,FEMALE,47,POLICE,WIDOWED,3,44945,25513,GOLD LOAN,453196,54235
154,Great Eastern,FEMALE,47,TECHNICIAN,MARRIED,2,46379,25348,COMPUTER SOFTWARES,456414,32127
155,Great Eastern,FEMALE,47,ACCOUNTANT,MARRIED,5,45670,21345,TRAVELLING,456780,34560
156,Great Eastern,FEMALE,47,TEACHER,MARRIED,4,45678,23456,TRAVELLING,456790,24560
157,Great Eastern,FEMALE,47,POLICE,MARRIED,6,43763,25191,AUTOMOBILE,460038,35153
158,Great Eastern,FEMALE,48,CLERK,MARRIED,5,49076,18730,HOUSING,467795,64234
159,Great Eastern,FEMALE,48,TEACHER,MARRIED,5,82815,42751,HOUSING,505610,87828
160,Great Eastern,FEMALE,49,DIETICIAN,MARRIED,6,79079,32351,GOLD LOAN,505972,75523
161,Income,FEMALE,50,ACCOUNT MANAGER,MARRIED,3,55475,28095,DINNING,484774,81050
162,Income,FEMALE,50,TEACHER,SINGLE,5,74609,20444,RESTAURANTS,507036,51858
163,Income,FEMALE,50,DRIVER,MARRIED,6,45838,27788,HOME APPLIANCES,482282,36338
164,Income,FEMALE,51,TEACHER,MARRIED,7,64528,21231,TRAVELLING,506450,64918
165,Income,FEMALE,51,NURSE,MARRIED,6,34999,19888,HOUSING,477870,50000
166,Income,FEMALE,51,CIVIL ENGINEER,MARRIED,7,46880,18559,DINNING,495013,36419
167,Income,FEMALE,51,AIRPORT OFFICER,SINGLE,4,67445,23826,HOME APPLIANCES,515970,79454
168,Income,FEMALE,51,DIETICIAN,SINGLE,3,67945,43086,RESTAURANTS,488076,61227
169,Income,FEMALE,51,DIETICIAN,SINGLE,3,68445,53086,HOUSING,488076,61227
170,Income,FEMALE,51,NAVY,MARRIED,5,70823,23243,DINNING,537238,37626
171,Income,FEMALE,52,NAVY,WIDOWED,2,75171,36078,RESTAURANT,556808,58510
172,Income,FEMALE,52,FARMER,SINGLE,5,62304,34392,RESTAURANT,549605,12990
173,Income,FEMALE,52,SOFTWARE ENGINEER,MARRIED,2,62804,23080,COMPUTER SOFTWARES,559276,66963
174,Income,FEMALE,52,NAVY,MARRIED,5,72345,43210,TRAVELLING,567890,24580
175,Income,FEMALE,52,CLERK,MARRIED,7,58409,28566,TRAVELLING,554177,15938
176,Income,FEMALE,53,AGRICULTURAL ENGINEER,MARRIED,4,58909,23866,AGRICULTURE,560187,31603
177,Income,FEMALE,53,ARMY,MARRIED,7,65750,23456,TRAVELLING,567890,34567
178,Income,FEMALE,53,AGRICULTURAL ENGINEER,WIDOWED,5,72052,45311,HOME APPLIANCES,576136,75822
179,Income,FEMALE,53,FIRE DEPARTMENT,MARRIED,4,44522,21803,COMPUTER SOFTWARES,554802,80968
180,Income,FEMALE,53,DENTIST,MARRIED,7,58465,43518,AUTOMOBILE,569189,27059
181,Income,FEMALE,54,CLERK,MARRIED,3,57807,27179,GOLD LOAN,568811,23536
182,Income,FEMALE,54,AGRICULTURAL ENGINEER,MARRIED,2,66610,35744,HOUSING,582943,28192
183,Income,FEMALE,54,TEACHER,MARRIED,5,70106,36733,HOME APPLIANCES,590732,37254
184,Income,FEMALE,54,AGRICULTURAL ENGINEER,MARRIED,2,70606,45744,HOUSING,582943,28192
185,Income,FEMALE,54,TEACHER,MARRIED,4,41673,19620,COMPUTER SOFTWARES,570664,43174
186,Income,FEMALE,54,DOCTOR,SINGLE,2,56856,23678,TRAVELLING,588690,87171
187,Income,FEMALE,54,DOCTOR,MARRIED,3,53852,28974,BOOK STORES,587831,72810
188,Income,FEMALE,54,PRODUCT ENGINEER,MARRIED,6,74044,16278,RESTAURANTS,609331,84319
189,Income,FEMALE,54,DOCTOR,MARRIED,4,35472,18340,SHOPPING,571540,52731
190,Income,FEMALE,54,TEACHER,MARRIED,7,54836,28984,ELECTRONICS,592037,32068
191,Income,FEMALE,54,ASSISTANT MANAGER,MARRIED,7,49612,29542,TRAVELLING,587412,65412
192,Income,FEMALE,54,ASSISTANT PROFESSOR,MARRIED,4,60999,22999,AUTOMOBILE,599934,9000
193,Income,FEMALE,54,ASSISTANT MANAGER,MARRIED,7,45612,39542,SHOPPING,587412,65412
194,Income,FEMALE,54,ASSISTANT MANAGER,MARRIED,7,45612,39542,SHOPPING,587412,65412
195,Income,FEMALE,54,ASSISTANT MANAGER,MARRIED,7,45612,39542,SHOPPING,587412,65412
196,Income,FEMALE,54,NAVY,SINGLE,7,78777,34159,AUTOMOBILE,622414,37436
197,Income,FEMALE,54,TEACHER,MARRIED,5,55767,22787,TRAVELLING,600000,11000
198,Income,FEMALE,54,ASSISTANT PROFESSOR,MARRIED,6,52361,34154,AUTOMOBILE,596851,0
199,Income,FEMALE,54,TEACHER,SINGLE,2,77923,20444,TRAVELLING,625226,34121
200,Income,FEMALE,54,ASSISTANT PROFESSOR,MARRIED,4,50999,22999,EDUCATIONAL LOAN,599934,9000
201,Income,FEMALE,55,ASSISTANT PROFESSOR,MARRIED,4,50999,22999,EDUCATIONAL LOAN,599934,9000
202,Income,FEMALE,55,DIETICIAN,SINGLE,3,50060,28989,HOUSING,600085,45436
203,Income,FEMALE,55,TEACHER,MARRIED,5,75250,26535,HOUSING,626586,56137
204,Income,FEMALE,55,TEACHER,MARRIED,5,52815,22751,HOUSING,605610,47828
205,Income,FEMALE,55,ARMY,SINGLE,6,72271,32082,HOUSING,625194,19300
206,Income,FEMALE,55,TEACHER,MARRIED,5,45767,12787,GOLD LOAN,600000,11000
207,Income,FEMALE,55,TEACHER,MARRIED,5,45767,12787,GOLD LOAN,600000,11000
208,Income,FEMALE,55,TEACHER,MARRIED,5,45767,12787,GOLD LOAN,600000,11000
209,Income,FEMALE,55,TEACHER,MARRIED,5,45767,12787,GOLD LOAN,600000,11000
210,Income,FEMALE,57,TEACHER,MARRIED,5,45767,12787,GOLD LOAN,600000,11000
211,Income,FEMALE,57,DENTIST,MARRIED,5,36742,18767,COMPUTER SOFTWARES,594320,31082
212,Income,FEMALE,57,CORPORATE OFFICER,MARRIED,2,48307,19509,SHOPPING,609193,41490
213,Income,FEMALE,58,NAVY,MARRIED,4,82458,44055,DINNING,649056,40103
214,Income,FEMALE,59,AGRICULTURAL ENGINEER,SINGLE,7,81960,14724,BUSINESS,649933,20801
215,Income,FEMALE,59,SOFTWARE ENGINEER,MARRIED,4,71210,25027,RESTAURANT,640375,34419
216,Income,FEMALE,59,TEACHER,MARRIED,7,79320,19187,DINNING,649791,18033
217,Income,FEMALE,59,SYSTEM MANAGER,MARRIED,6,74757,16763,RESTAURANTS,646956,38067
218,Income,FEMALE,59,DOCTOR,MARRIED,3,76820,27222,BUSINESS,652716,44979
219,Income,FEMALE,59,STORE KEEPER,MARRIED,6,35918,19202,SHOPPING,612770,31774
220,Raffles,FEMALE,60,FIRE DEPARTMENT,MARRIED,2,80000,25318,SHOPPING,660937,28195
221,AXA,MALE,24,PROFESSOR,MARRIED,4,35247,25554,EDUCATIONAL LOAN,618956,19014
222,AXA,MALE,24,BANK MANAGER,MARRIED,6,68125,41246,TRAVELLING,652147,16524
223,AXA,MALE,24,BANK MANAGER,MARRIED,6,64125,21246,TRAVELLING,652147,16524
224,AXA,MALE,24,BANK MANAGER,MARRIED,6,64125,51246,TRAVELLING,652147,16524
225,AXA,MALE,24,DOCTOR,MARRIED,3,32753,26219,SHOPPING,621260,76545
226,AXA,MALE,24,CLERK,MARRIED,3,33253,21707,RESTAURANTS,639794,22093
227,AXA,MALE,24,CLERK,MARRIED,3,51301,17208,RESTAURANTS,642497,12809
228,AXA,MALE,24,DIETICIAN,MARRIED,6,55617,22596,RESTAURANTS,649849,32176
229,AXA,MALE,25,BANK MANAGER,MARRIED,6,57697,15734,HOME APPLIANCES,653065,16304
230,AXA,MALE,25,BANK MANAGER,MARRIED,2,42792,22559,GOLD LOAN,642016,84023
231,AXA,MALE,25,SYSTEM ENGINEER,MARRIED,4,52364,45612,GOLD LOAN,654725,67451
232,AXA,MALE,25,SYSTEM ENGINEER,MARRIED,4,52364,45612,GOLD LOAN,654725,67451
233,AXA,MALE,25,EXECUTIVE,MARRIED,7,57749,47280,BUSINESS,661461,79932
234,AXA,MALE,25,BANK MANAGER,MARRIED,4,75250,29865,RESTAURANTS,679040,34000
235,AXA,MALE,25,TEACHER,MARRIED,3,50000,42563,RESTAURANTS,654120,45127
236,AXA,MALE,25,FIRE DEPARTMENT,MARRIED,6,67890,34567,TRAVELLING,678500,13560
237,AXA,MALE,26,BANK MANAGER,MARRIED,4,67500,25780,AUTOMOBILE,679040,34000
238,AXA,MALE,26,AIRPORT OFFICER,MARRIED,7,66314,29648,EDUCATIONAL LOAN,677934,58193
239,AXA,MALE,26,POLICE,MARRIED,3,33312,21921,DINNING,645167,26766
240,AXA,MALE,26,SOFTWARE ENGINEER,MARRIED,4,59512,36373,RESTAURANTS,677000,45098
241,AXA,MALE,26,ACCOUNTANT,MARRIED,4,57555,37068,HOME APPLIANCES,675232,70922
242,AXA,MALE,26,CHARTERED APPRAISER,MARRIED,7,75630,35346,RESTAURANTS,695573,35538
243,AXA,MALE,27,DIETICIAN,SINGLE,7,51301,30975,RESTAURANT,677291,25850
244,AXA,MALE,27,DIETICIAN,MARRIED,6,51801,49940,SHOPPING,707716,29454
245,AXA,MALE,27,AGRICULTURAL ENGINEER,SINGLE,6,52301,49481,HOUSING,679588,21091
246,AXA,MALE,28,TEACHER,SINGLE,7,43518,43518,TRAVELLING,681886,56090
247,AXA,MALE,28,SOFTWARE ENGINEER,MARRIED,2,79363,33569,BUSINESS,723786,47624
248,AXA,MALE,28,NAVY,MARRIED,3,39213,26716,HOUSING,685819,23887
249,AXA,MALE,28,BANK MANAGER,SINGLE,7,39713,37935,EDUCATIONAL LOAN,688435,74874
250,AXA,MALE,28,CLERK,SINGLE,6,47550,25286,HOUSING,696818,49464
251,AXA,MALE,28,SOFTWARE ENGINEER,SINGLE,4,68199,33464,ELECTRONICS,719010,46384
252,AXA,MALE,28,TEACHER,MARRIED,7,34836,18984,ELECTRONICS,692037,42068
253,AXA,MALE,29,POLICE,MARRIED,4,43581,20619,RESTAURANTS,701924,50215
254,AXA,MALE,29,SOFTWARE ENGINEER,SINGLE,4,81210,21027,RESTAURANT,740375,35419
255,AXA,MALE,29,PROFESSOR,MARRIED,4,69401,28234,SHOPPING,733568,38457
256,AXA,MALE,29,SOFTWARE ENGINEER,SINGLE,4,75210,26027,HOUSING,740375,35419
257,AXA,MALE,29,DATA ANALYST,MARRIED,3,56036,16416,AUTOMOBILE,723504,54456
258,AXA,MALE,29,DOCTOR,MARRIED,6,75000,44541,BUILDING,745213,19541
259,AXA,MALE,29,TEACHER,SINGLE,5,51564,20097,AUTOMOBILE,722907,56157
260,AXA,MALE,29,SYSTEM MANAGER,MARRIED,5,69163,29339,HOME APPLIANCES,740836,67935
261,AXA,MALE,29,CLERK,MARRIED,3,81182,25773,HOUSING,755157,41755
262,AXA,MALE,29,CLERK,MARRIED,3,47361,19718,TRAVELLING,722040,21323
263,AXA,MALE,29,DOCTOR,MARRIED,6,70000,12541,HOUSING,745213,19541
264,AXA,MALE,29,DOCTOR,MARRIED,6,70000,33541,BUILDING,745213,19541
265,AXA,MALE,29,PRODUCT ENGINEER,MARRIED,2,48613,21617,BUILDING,723932,10154
266,AXA,MALE,29,BANK MANAGER,MARRIED,4,49113,48072,GOLD LOAN,729793,51976
267,AXA,MALE,29,POLICE,MARRIED,2,60403,15913,SHOPPING,738306,54387
268,AXA,MALE,29,DOCTOR,MARRIED,4,72154,45286,AUTOMOBILE,754126,19524
269,Prudential,MALE,30,DOCTOR,MARRIED,4,72154,45286,AUTOMOBILE,754126,19524
270,Prudential,MALE,30,DOCTOR,MARRIED,3,66820,22222,BUSINESS,752716,44979
271,Prudential,MALE,30,TEACHER,MARRIED,7,31747,17995,COMPUTER SOFTWARES,720712,66706
272,Prudential,MALE,30,DOCTOR,MARRIED,5,67500,35670,HOUSING,756890,45670
273,Prudential,MALE,30,NURSE,MARRIED,5,46841,43518,ELECTRONICS,736842,79728
274,Prudential,MALE,30,ASSISTANT PROFESSOR,MARRIED,4,44090,19351,TRAVELLING,734412,15510
275,Prudential,MALE,30,TEACHER,MARRIED,6,45916,17535,COMPUTER SOFTWARES,738313,86160
276,Prudential,MALE,30,NAVY,SINGLE,6,51862,21101,HOUSING,745152,57851
277,Prudential,MALE,30,BANK MANAGER,MARRIED,4,32571,48072,AGRICULTURE,729793,51976
278,Prudential,MALE,30,PILOT,MARRIED,6,33071,33705,COMPUTER SOFTWARES,769239,25536
279,Prudential,MALE,31,DOCTOR,MARRIED,6,46841,41541,BUILDING,745213,19541
280,Prudential,MALE,31,PRODUCT ENGINEER,MARRIED,4,42859,28441,AUTOMOBILE,745654,32078
281,Prudential,MALE,31,AIRPORT OFFICER,MARRIED,6,50000,43518,COMPUTER SOFTWARES,754507,37106
282,Prudential,MALE,31,TEACHER,MARRIED,7,40801,26025,AUTOMOBILE,745310,50509
283,Prudential,MALE,31,SYSTEM MANAGER,SINGLE,4,38401,27512,RESTAURANTS,744697,42166
284,Prudential,MALE,31,AGRICULTURAL ENGINEER,MARRIED,2,76610,46744,HOUSING,782943,38192
285,Prudential,MALE,31,SOFTWARE ENGINEER,SINGLE,5,50454,32210,SHOPPING,763036,36762
286,Prudential,MALE,31,DRIVER,MARRIED,4,39431,24007,AUTOMOBILE,753881,73586
287,Prudential,MALE,32,TEACHER,MARRIED,7,30801,23025,AUTOMOBILE,745310,60509
288,Prudential,MALE,32,BANK MANAGER,MARRIED,7,51346,21710,DINNING,766547,21170
289,Prudential,MALE,32,SYSTEM MANAGER,MARRIED,2,71477,28652,SHOPPING,786718,78821
290,Prudential,MALE,32,ACCOUNT MANAGER,MARRIED,4,45600,19870,HOME APPLIANCES,765040,35700
291,Prudential,MALE,32,TEACHER,MARRIED,6,77627,43518,TRAVELLING,800400,19990
292,Prudential,MALE,32,ASSISTANT MANAGER,MARRIED,4,83357,24925,HOUSING,808369,32196
293,Prudential,MALE,32,PRODUCT ENGINEER,MARRIED,6,62387,20925,AUTOMOBILE,791131,17412
294,Prudential,MALE,32,PRODUCT ENGINEER,MARRIED,4,55147,35863,COMPUTER SOFTWARES,785241,19999
295,Prudential,MALE,32,NAVY,SINGLE,4,79699,32482,AUTOMOBILE,810206,57206
296,Prudential,MALE,32,SOFTWARE ENGINEER,SINGLE,5,30454,22210,SHOPPING,763036,37762
297,Prudential,MALE,32,SOFTWARE ENGINEER,SINGLE,4,55680,29000,AUTOMOBILE,789000,24000
298,Prudential,MALE,32,PROFESSOR,MARRIED,2,56180,21896,TRAVELLING,814059,84640
299,Prudential,MALE,32,PRODUCT ENGINEER,MARRIED,4,50147,45863,COMPUTER SOFTWARES,785241,19999
300,Prudential,MALE,33,PRODUCT ENGINEER,MARRIED,4,50147,45863,COMPUTER SOFTWARES,785241,19999
301,Prudential,MALE,33,SOFTWARE ENGINEER,SINGLE,4,49680,25000,GOLD LOAN,789000,24000
302,Prudential,MALE,33,PRODUCT ENGINEER,SINGLE,6,75250,28140,AUTOMOBILE,819281,27586
303,Prudential,MALE,33,AIRPORT OFFICER,MARRIED,7,48749,18330,SHOPPING,793130,14684
304,Prudential,MALE,33,CLERK,MARRIED,5,40560,38789,TRAVELLING,785000,29650
305,Prudential,MALE,33,DENTIST,MARRIED,5,81507,25958,AGRICULTURE,831263,63833
306,Prudential,MALE,33,TEACHER,MARRIED,2,65610,46683,BUSINESS,828744,71913
307,Prudential,MALE,34,TEACHER,SINGLE,5,55564,28097,AUTOMOBILE,822907,56157
308,Prudential,MALE,34,POLICE,MARRIED,4,33581,21618,RESTAURANTS,801924,60215
309,Prudential,MALE,34,PRODUCT ENGINEER,MARRIED,5,78777,45812,AUTOMOBILE,852416,17524
310,Prudential,MALE,34,PRODUCT ENGINEER,MARRIED,5,74757,45812,SHOPPING,852416,17524
311,Prudential,MALE,34,DATA ANALYST,MARRIED,4,77671,24112,TRAVELLING,859268,89027
312,Prudential,MALE,34,ACCOUNT MANAGER,MARRIED,4,52568,17647,GOLD LOAN,837703,22579
313,Prudential,MALE,34,PILOT,SINGLE,2,53068,36744,GOLD LOAN,870287,34551
314,Prudential,MALE,34,NAVY,SINGLE,3,76184,37555,AUTOMOBILE,868435,34235
315,Prudential,MALE,34,CLERK,MARRIED,2,34447,18409,AUTOMOBILE,828512,54143
316,Prudential,MALE,34,BANK MANAGER,MARRIED,6,58697,35734,HOME APPLIANCES,853065,16304
317,Prudential,MALE,34,DENTIST,SINGLE,4,46196,26603,COMPUTER SOFTWARES,841132,60537
318,Prudential,MALE,34,SYSTEM OFFICER,MARRIED,5,56780,24560,GOLD LOAN,854000,23700
319,Prudential,MALE,35,NURSE,MARRIED,5,43323,27877,TRAVELLING,841365,56142
320,Prudential,MALE,35,BUSINESS,SINGLE,6,74775,27970,HOUSING,879114,47103
321,Prudential,MALE,35,BANK MANAGER,MARRIED,5,60740,31245,GOLD LOAN,867590,46700
322,Prudential,MALE,35,TEACHER,MARRIED,4,75831,27487,GOLD LOAN,882714,73794
323,Prudential,MALE,35,SOFTWARE ENGINEER,MARRIED,5,76331,22583,RESTAURANTS,851351,89679
324,Prudential,MALE,35,DOCTOR,MARRIED,5,66138,21787,COMPUTER SOFTWARES,876711,31792
325,Prudential,MALE,35,DRIVER,SINGLE,7,66638,48705,AUTOMOBILE,878858,43350
326,Prudential,MALE,35,ACCOUNT MANAGER,MARRIED,4,67138,35632,COMPUTER SOFTWARES,865478,20145
327,Prudential,MALE,36,CLERK,MARRIED,3,41182,22773,HOUSING,855157,41755
328,Prudential,MALE,36,BANK MANAGER,MARRIED,5,73070,26306,TRAVELLING,887941,10604
329,Prudential,MALE,36,ELECTRICIAN,MARRIED,5,67214,20246,COMPUTER SOFTWARES,890480,46654
330,Prudential,MALE,36,TEACHER,SINGLE,2,77986,47143,BUSINESS,903614,55757
331,Prudential,MALE,36,CLERK,MARRIED,6,40883,14258,BUSINESS,867253,15947
332,Prudential,MALE,36,POLICE,SINGLE,6,62641,36687,HOUSING,898353,26901
333,Prudential,MALE,37,SOFTWARE ENGINEER,MARRIED,7,62522,14748,COMPUTER SOFTWARES,898938,44000
334,Prudential,MALE,37,BUSINESS,MARRIED,3,61508,26048,GOLD LOAN,899791,40479
335,Prudential,MALE,37,POLICE,SINGLE,5,71214,12463,RESTAURANTS,910960,70423
336,Prudential,MALE,37,DOCTOR,MARRIED,5,60000,25000,HOUSING,900000,21000
337,Prudential,MALE,37,SOFTWARE ENGINEER,MARRIED,4,43587,24799,GOLD LOAN,885302,31190
338,Prudential,MALE,37,NURSE,MARRIED,6,42490,25775,TRAVELLING,890564,67559
339,Prudential,MALE,38,BUSINESS,MARRIED,3,51508,22048,GOLD LOAN,899791,40479
340,Prudential,MALE,39,PUBLIC WORKS,MARRIED,6,41645,25095,COMPUTER SOFTWARES,890578,59922
341,Prudential,MALE,39,DRIVER,SINGLE,6,48332,20763,RESTAURANT,899714,66030
342,Prudential,MALE,39,CIVIL ENGINEER,MARRIED,4,58784,18480,AUTOMOBILE,914252,84095
343,Prudential,MALE,39,DRIVER,SINGLE,5,45457,25922,GOLD LOAN,905203,30211
344,Prudential,MALE,39,DATA ANALYST,MARRIED,4,57097,16144,TRAVELLING,917886,89636
345,Prudential,MALE,39,NAVY,MARRIED,7,63656,19910,BUSINESS,937743,54523
346,Prudential,MALE,39,NAVY,MARRIED,4,80188,28352,GOLD LOAN,959366,20815
347,Great Eastern,MALE,40,BUSINESS,MARRIED,6,73769,38186,RESTAURANT,954392,81465
348,Great Eastern,MALE,40,CLERK,MARRIED,4,32714,23632,GOLD LOAN,914249,36394
349,Great Eastern,MALE,40,DOCTOR,MARRIED,7,62600,22775,HOUSING,950922,28527
350,Great Eastern,MALE,40,BUSINESS,MARRIED,6,63769,33186,GOLD LOAN,954392,81465
351,Great Eastern,MALE,40,DRIVER,MARRIED,5,30000,15426,TRAVELLING,921456,20000
352,Great Eastern,MALE,40,DRIVER,MARRIED,5,30000,15426,TRAVELLING,921456,20000
353,Great Eastern,MALE,40,DRIVER,MARRIED,5,30000,15426,GOLD LOAN,921456,20000
354,Great Eastern,MALE,40,PRODUCT ENGINEER,MARRIED,4,32859,18441,AUTOMOBILE,945654,42078
355,Great Eastern,MALE,41,SOFTWARE ENGINEER,SINGLE,3,100340,29521,GOLD LOAN,1015508,89069
356,Great Eastern,MALE,41,ASSISTANT PROFESSOR,MARRIED,5,65214,42589,HOUSING,985412,11254
357,Great Eastern,MALE,41,ASSISTANT PROFESSOR,MARRIED,5,65214,42589,HOUSING,985412,11254
358,Great Eastern,MALE,41,AIRPORT OFFICER,MARRIED,7,56314,19648,EDUCATIONAL LOAN,977934,78193
359,Great Eastern,MALE,41,ELECTRICIAN,MARRIED,2,56985,26648,ELECTRONICS,985413,20000
360,Great Eastern,MALE,41,DRIVER,MARRIED,2,38558,21169,EDUCATIONAL LOAN,968932,48649
361,Great Eastern,MALE,41,CHARTERED APPRAISER,MARRIED,2,39058,39463,AUTOMOBILE,989600,30686
362,Great Eastern,MALE,41,NAVY,SINGLE,2,39558,25280,GOLD LOAN,964109,80308
363,Great Eastern,MALE,41,CLERK,MARRIED,5,54529,27102,COMPUTER SOFTWARES,988339,22119
364,Great Eastern,MALE,42,ACCOUNT MANAGER,MARRIED,7,45777,18452,GOLD LOAN,987611,39999
365,Great Eastern,MALE,42,ACCOUNT MANAGER,MARRIED,7,45777,18452,GOLD LOAN,987611,39999
366,Great Eastern,MALE,42,ACCOUNT MANAGER,MARRIED,7,45777,18452,GOLD LOAN,987611,39999
367,Great Eastern,MALE,42,ELECTRICIAN,MARRIED,2,36985,25648,AUTOMOBILE,985413,20000
368,Great Eastern,MALE,42,ELECTRICIAN,MARRIED,2,36985,25648,ELECTRONICS,985413,20000
369,Great Eastern,MALE,42,ELECTRICIAN,MARRIED,2,36985,25648,ELECTRONICS,985413,20000
370,Great Eastern,MALE,42,BANK MANAGER,SINGLE,4,50000,22199,HOUSING,1000000,42898
371,Great Eastern,MALE,42,DOCTOR,MARRIED,7,46921,21274,ELECTRONICS,999698,14360
372,Great Eastern,MALE,42,DENTIST,MARRIED,6,75640,32456,HOUSING,1035600,35400
373,Great Eastern,MALE,42,ACCOUNTANT,MARRIED,4,51568,29607,HOUSING,1013760,33446
374,Great Eastern,MALE,42,PILOT,SINGLE,2,76333,37037,BUSINESS,1042400,34044
375,Great Eastern,MALE,42,DOCTOR,SINGLE,2,76833,22248,GOLD LOAN,1044964,63105
376,Great Eastern,MALE,43,DOCTOR,SINGLE,4,55407,24413,HOUSING,1042737,57977
377,Great Eastern,MALE,43,TEACHER,MARRIED,3,34275,29967,BOOK STORES,1021994,39955
378,Great Eastern,MALE,43,CIVIL ENGINEER,MARRIED,4,34775,13999,HOUSING,1065577,19999
379,Great Eastern,MALE,43,CIVIL ENGINEER,MARRIED,4,35275,13999,HOUSING,1065577,19999
380,Great Eastern,MALE,43,CIVIL ENGINEER,MARRIED,4,35775,13999,HOUSING,1065577,19999
381,Great Eastern,MALE,43,PILOT,SINGLE,2,36275,47037,BUSINESS,1042400,34044
382,Great Eastern,MALE,43,DOCTOR,SINGLE,7,68366,30258,TRAVELLING,1059986,20611
383,Great Eastern,MALE,43,BANK MANAGER,MARRIED,6,68866,36035,HOUSING,1080007,19931
384,Great Eastern,MALE,44,PILOT,MARRIED,7,73647,45007,EDUCATIONAL LOAN,1083523,25317
385,Great Eastern,MALE,44,DATA ENGINEER,MARRIED,6,55675,25670,HOUSING,1067890,34670
386,Great Eastern,MALE,44,SOFTWARE ENGINEER,SINGLE,5,76970,35379,GOLD LOAN,1090886,13994
387,Great Eastern,MALE,44,EXECUTIVE,SINGLE,2,57460,48959,BUSINESS,1073372,72858
388,Great Eastern,MALE,44,ELECTRICIAN,MARRIED,5,70449,43518,GOLD LOAN,1092176,64685
389,Great Eastern,MALE,44,SOFTWARE ENGINEER,SINGLE,5,70949,30379,GOLD LOAN,1090886,13994
390,Great Eastern,MALE,44,FIRE DEPARTMENT,MARRIED,2,77805,16699,HOUSING,1115164,87189
391,Great Eastern,MALE,44,DATA ENGINEER,MARRIED,7,62760,21568,GOLD LOAN,1111608,36170
392,Great Eastern,MALE,44,DIETICIAN,SINGLE,3,63260,16863,BUSINESS,1118207,32059
393,Great Eastern,MALE,44,TECHNICIAN,MARRIED,3,37938,33048,RESTAURANTS,1130589,46120
394,Great Eastern,MALE,44,DOCTOR,SINGLE,4,50407,34413,AGRICULTURE,1143937,57977
395,Great Eastern,MALE,45,POLICE,MARRIED,5,58501,28744,GOLD LOAN,1160365,55397
396,Great Eastern,MALE,45,BUSINESS,MARRIED,3,59001,49473,HOUSING,1178327,18187
397,Great Eastern,MALE,45,DATA ENGINEER,MARRIED,3,47668,35078,COMPUTER SOFTWARES,1151809,18320
398,Great Eastern,MALE,45,EXECUTIVE,SINGLE,2,67460,45959,BUSINESS,1173372,62858
399,Great Eastern,MALE,45,CLERK,MARRIED,7,61207,15955,GOLD LOAN,1172914,20405
400,Great Eastern,MALE,45,TEACHER,MARRIED,5,75106,16733,HOME APPLIANCES,1190732,57254
401,Great Eastern,MALE,45,CHARTERED APPRAISER,SINGLE,2,75606,40734,DINNING,1193808,23946
402,Great Eastern,MALE,45,SOFTWARE ENGINEER,SINGLE,3,76106,42591,TRAVELLING,1179496,58257
403,Great Eastern,MALE,45,SOFTWARE ENGINEER,MARRIED,4,39512,26373,RESTAURANTS,1177000,48098
404,Great Eastern,MALE,45,DRIVER,MARRIED,6,40838,25788,AGRICULTURE,1182282,37338
405,Great Eastern,MALE,45,DRIVER,MARRIED,6,35838,19788,AGRICULTURE,1182282,37338
406,Great Eastern,MALE,45,BUSINESS,MARRIED,2,36338,22796,RESTAURANT,1192379,14820
407,Great Eastern,MALE,46,ASSISTANT MANAGER,MARRIED,5,59392,25605,GOLD LOAN,1219814,39948
408,Great Eastern,MALE,46,TEACHER,MARRIED,6,46619,18675,HOUSING,1209867,29999
409,Great Eastern,MALE,46,DRIVER,SINGLE,7,45362,35895,HOUSING,1216455,83458
410,Great Eastern,MALE,47,TEACHER,MARRIED,5,45862,20185,GOLD LOAN,1218291,71089
411,Great Eastern,MALE,47,EXECUTIVE,MARRIED,4,63078,31903,EDUCATIONAL LOAN,1244717,30314
412,Great Eastern,MALE,47,PROFESSOR,SINGLE,5,62145,31254,BOOK STORES,1245789,48596
413,Great Eastern,MALE,47,PROFESSOR,SINGLE,5,62145,31254,AUTOMOBILE,1245789,48596
414,Great Eastern,MALE,47,SOFTWARE ENGINEER,SINGLE,2,31107,21316,GOLD LOAN,1216788,76049
415,Great Eastern,MALE,47,PRODUCT ENGINEER,MARRIED,4,67184,17813,HOUSING,1254038,80008
416,Great Eastern,MALE,48,NURSE,MARRIED,5,36784,43518,HOUSING,1232534,60243
417,Great Eastern,MALE,48,BANK MANAGER,SINGLE,3,68918,30676,AUTOMOBILE,1265945,16997
418,Great Eastern,MALE,48,PILOT,MARRIED,7,83647,43007,EDUCATIONAL LOAN,1283523,28317
419,Great Eastern,MALE,48,PILOT,MARRIED,7,63647,41007,AGRICULTURE,1283523,28317
420,Great Eastern,MALE,48,BUSINESS,MARRIED,4,46477,43292,HOUSING,1268582,70231
421,Great Eastern,MALE,49,DOCTOR,SINGLE,4,60111,27111,TRAVELLING,1290929,18000
422,Great Eastern,MALE,49,CHARTERED APPRAISER,SINGLE,4,58661,42768,GOLD LOAN,1290966,72021
423,Great Eastern,MALE,49,DRIVER,MARRIED,2,35558,16169,GOLD LOAN,1268932,48649
424,Great Eastern,MALE,49,DATA ANALYST,MARRIED,6,31948,19502,HOUSING,1286679,79111
425,Great Eastern,MALE,49,BUSINESS,MARRIED,6,66922,26423,AGRICULTURE,1322197,12086
426,Great Eastern,MALE,49,TEACHER,MARRIED,3,57578,23000,EDUCATIONAL LOAN,1314542,68060
427,Great Eastern,MALE,49,TEACHER,SINGLE,2,46182,33404,RESTAURANTS,1337967,75552
428,Great Eastern,MALE,49,BUSINESS,MARRIED,3,78777,19473,HOUSING,1378327,18187
429,Great Eastern,MALE,49,CHARTERED APPRAISER,MARRIED,2,81225,29463,GOLD LOAN,1389600,30686
430,Great Eastern,MALE,49,PILOT,SINGLE,7,81725,39629,RESTAURANT,1392577,85269
431,Great Eastern,MALE,49,PILOT,SINGLE,7,82225,49629,HOUSING,1392577,25269
432,Great Eastern,MALE,49,CLERK,SINGLE,5,51555,12052,EDUCATIONAL LOAN,1377455,29981
433,Great Eastern,MALE,49,NAVY,SINGLE,4,77699,12482,AUTOMOBILE,1410206,57206
434,Income,MALE,50,DOCTOR,MARRIED,7,63495,12411,SHOPPING,1404969,74273
435,Income,MALE,50,PILOT,MARRIED,4,63745,17148,AUTOMOBILE,1406697,74279
436,Income,MALE,51,CHARTERED APPRAISER,SINGLE,5,74179,31530,BUSINESS,1428709,66854
437,Income,MALE,51,EXECUTIVE,MARRIED,5,78167,33036,BUSINESS,1447560,20435
438,Income,MALE,51,POLICE,SINGLE,4,80769,41529,AGRICULTURE,1458057,74975
439,Income,MALE,51,TECHNICIAN,MARRIED,2,76379,28348,COMPUTER SOFTWARES,1456414,32127
440,Income,MALE,51,ARMY,MARRIED,3,76879,21107,GOLD LOAN,1474593,73518
441,Income,MALE,51,DRIVER,SINGLE,4,61021,16440,RESTAURANTS,1470269,59449
442,Income,MALE,51,CLERK,MARRIED,3,42792,15247,RESTAURANTS,1452637,13547
443,Income,MALE,51,TEACHER,MARRIED,2,63953,18376,RESTAURANTS,1479399,69956
444,Income,MALE,51,POLICE,SINGLE,5,38501,48744,GOLD LOAN,1460365,55397
445,Income,MALE,51,DATA ENGINEER,MARRIED,7,82760,23568,GOLD LOAN,1513708,56170
446,Income,MALE,51,POLICE,WIDOWED,2,57319,30980,HOUSING,1488726,57758
447,Income,MALE,52,ACCOUNTANT,SINGLE,5,75290,35549,HOUSING,1522824,71187
448,Income,MALE,52,TEACHER,SINGLE,7,53832,18748,GOLD LOAN,1503911,50787
449,Income,MALE,52,TECHNICIAN,MARRIED,6,41819,23703,GOLD LOAN,1496478,16378
450,Income,MALE,52,FIRE DEPARTMENT,MARRIED,5,63213,26457,TRAVELLING,1524789,90000
451,Income,MALE,52,FIRE DEPARTMENT,MARRIED,5,45213,32457,TRAVELLING,1524789,90000
452,Income,MALE,52,FIRE DEPARTMENT,MARRIED,5,45213,32457,TRAVELLING,1524789,90000
453,Income,MALE,52,FIRE DEPARTMENT,MARRIED,5,45213,32457,TRAVELLING,1524789,90000
454,Income,MALE,53,FIRE DEPARTMENT,MARRIED,5,43213,22457,TRAVELLING,1524789,90000
455,Income,MALE,53,ACCOUNTANT,SINGLE,3,76844,27358,RESTAURANT,1582924,73033
456,Income,MALE,54,TEACHER,MARRIED,4,42978,29709,GOLD LOAN,1552596,44746
457,Income,MALE,54,TEACHER,MARRIED,3,68366,19339,GOLD LOAN,1585799,82089
458,Income,MALE,54,TECHNICIAN,MARRIED,6,80241,41526,AUTOMOBILE,1599511,87885
459,Income,MALE,54,ACCOUNT MANAGER,MARRIED,4,800000,15632,AUTOMOBILE,2365478,20145
460,Income,MALE,54,ACCOUNT MANAGER,MARRIED,4,800000,15632,COMPUTER SOFTWARES,2365478,20145
461,Income,MALE,54,ACCOUNT MANAGER,MARRIED,4,800000,15632,COMPUTER SOFTWARES,2365478,20145
462,Income,MALE,54,DATA ANALYST,MARRIED,2,80438,27773,GOLD LOAN,1649570,79727
463,Income,MALE,54,SYSTEM ENGINEER,MARRIED,6,76800,43518,TRAVELLING,1659080,29000
464,Income,MALE,54,TECHNICIAN,MARRIED,7,79600,41011,BUSINESS,1663696,13355
465,Income,MALE,54,ACCOUNTANT,SINGLE,7,43350,31632,AUTOMOBILE,1630901,79235
466,Income,MALE,54,TECHNICIAN,SINGLE,3,42304,21760,BUSINESS,1630952,21031
467,Income,MALE,55,FARMER,MARRIED,5,42804,34686,TRAVELLING,1632809,54198
468,Income,MALE,55,DOCTOR,MARRIED,2,51829,32429,BUSINESS,1643435,16469
469,Income,MALE,55,NAVY,SINGLE,3,52329,47555,AUTOMOBILE,1668435,54235
470,Income,MALE,55,NAVY,MARRIED,7,47356,28491,GOLD LOAN,1648683,59025
471,Income,MALE,55,CHARTERED APPRAISER,SINGLE,6,65023,49118,RESTAURANTS,1670805,45808
472,Income,MALE,55,SOFTWARE ENGINEER,MARRIED,2,76637,45083,EDUCATIONAL LOAN,1692266,23537
473,Income,MALE,56,SOFTWARE ENGINEER,MARRIED,2,71637,41083,EDUCATIONAL LOAN,1692266,23537
474,Income,MALE,56,CHARTERED APPRAISER,MARRIED,7,65630,30346,RESTAURANTS,1695573,49538
475,Income,MALE,56,DOCTOR,SINGLE,7,28366,29258,GOLD LOAN,1659986,20611
476,Income,MALE,56,BUSINESS,MARRIED,6,37585,36062,GOLD LOAN,1672628,13765
477,Income,MALE,56,SOFTWARE ENGINEER,SINGLE,4,38085,43464,ELECTRONICS,1719010,86384
478,Income,MALE,56,ACCOUNTANT,SINGLE,7,46086,27201,AGRICULTURE,1682942,29654
479,Income,MALE,56,AIRPORT OFFICER,MARRIED,7,46586,28032,HOUSING,1691451,64718
480,Income,MALE,56,DIETICIAN,SINGLE,3,47086,41529,GOLD LOAN,1694354,35876
481,Income,MALE,56,AGRICULTURAL ENGINEER,MARRIED,7,47586,47790,GOLD LOAN,1724031,75334
482,Income,MALE,56,SOFTWARE ENGINEER,MARRIED,2,69663,23569,BUSINESS,1723786,47624
483,Income,MALE,56,ACCOUNT MANAGER,MARRIED,4,700000,15632,COMPUTER SOFTWARES,2365478,20145
484,Income,MALE,56,PILOT,MARRIED,2,81714,43790,GOLD LOAN,1749832,58061
485,Income,MALE,56,BUSINESS,SINGLE,2,53957,34709,GOLD LOAN,1765055,37815
486,Income,MALE,56,PILOT,MARRIED,6,54457,43705,COMPUTER SOFTWARES,1769239,20536
487,Income,MALE,57,DRIVER,SINGLE,2,47217,16575,GOLD LOAN,1773297,40373
488,Income,MALE,57,BANK MANAGER,SINGLE,5,29565,19490,HOUSING,1767908,72653
489,Income,MALE,58,AIRPORT OFFICER,MARRIED,6,81000,62541,DINNING,2045789,16599
490,Income,MALE,58,AIRPORT OFFICER,MARRIED,6,80000,32541,AUTOMOBILE,2045789,16599
491,Income,MALE,58,AIRPORT OFFICER,MARRIED,6,80000,62541,AUTOMOBILE,2045789,16599
492,Income,MALE,58,AIRPORT OFFICER,MARRIED,6,80000,62541,HOUSING,2045789,16599
493,Income,MALE,58,AIRPORT OFFICER,MARRIED,6,80000,62541,HOUSING,2045789,16599
494,Income,MALE,58,AIRPORT OFFICER,MARRIED,6,80000,42541,HOUSING,2045789,16599
495,Income,MALE,58,AIRPORT OFFICER,MARRIED,6,80000,39541,HOUSING,2045789,16599
496,Income,MALE,59,MANAGER,SINGLE,3,42516,24567,AUTOMOBILE,2569874,89652
497,Income,MALE,59,MANAGER,SINGLE,3,42516,24567,EDUCATIONAL LOAN,2569874,89652
498,Income,MALE,59,TEACHER,MARRIED,4,59999,42568,AUTOMOBILE,5214789,17452
499,Income,MALE,59,CORPORATE OFFICER,MARRIED,3,52143,43518,COMPUTER SOFTWARES,7541236,11111
500,Income,MALE,59,CORPORATE OFFICER,MARRIED,3,52143,43518,AUTOMOBILE,7541236,11111
501,Raffles,FEMALE,61,CLERK,MARRIED,3,750000,25641,GOLD LOAN,214569,16324
502,Raffles,FEMALE,61,BANK MANAGER,MARRIED,4,930000,35680,HOUSING,679040,34000
503,Raffles,FEMALE,64,PRODUCT ENGINEER,MARRIED,6,118927,29000,SHOPPING,80660,4500
504,Raffles,FEMALE,64,SOFTWARE ENGINEER,MARRIED,6,112333,29000,COMPUTER SOFTWARES,80660,4500
505,Raffles,FEMALE,64,DRIVER,MARRIED,3,42792,25854,GOLD LOAN,15350,64906
506,Raffles,FEMALE,64,PRODUCT ENGINEER,MARRIED,6,105739,29000,COMPUTER SOFTWARES,80660,4500
507,Raffles,FEMALE,64,DATA ANALYST,SINGLE,4,60111,28999,AUTOMOBILE,35232,33333
508,Raffles,FEMALE,64,DATA ANALYST,SINGLE,4,60111,28999,RESTAURANTS,35232,33333
509,Raffles,FEMALE,64,DATA ANALYST,SINGLE,4,60111,28999,RESTAURANTS,35232,33333
510,Raffles,FEMALE,64,CLERK,MARRIED,7,78409,18566,TRAVELLING,54177,15938
511,Raffles,FEMALE,64,TEACHER,MARRIED,5,50099,29999,RESTAURANTS,30999,12000
512,Raffles,FEMALE,65,TEACHER,MARRIED,5,48099,19999,RESTAURANTS,30999,12000
513,Raffles,FEMALE,66,TEACHER,MARRIED,5,48099,19999,RESTAURANTS,30999,12000
514,Raffles,FEMALE,66,TEACHER,MARRIED,5,48099,19999,RESTAURANTS,30999,12000
515,Raffles,FEMALE,66,TEACHER,MARRIED,5,48099,19999,RESTAURANTS,30999,12000
516,Raffles,FEMALE,66,TEACHER,MARRIED,5,48099,19999,RESTAURANTS,30999,12000
517,Raffles,FEMALE,66,TEACHER,MARRIED,5,48099,19999,TRAVELLING,30999,12000
518,Raffles,FEMALE,66,TEACHER,MARRIED,5,45099,21999,RESTAURANTS,30999,12000
519,Raffles,FEMALE,67,PROFESSOR,MARRIED,6,59000,19999,AUTOMOBILE,50000,33999
520,Raffles,FEMALE,67,ASSISTANT PROFESSOR,MARRIED,6,54999,25888,SHOPPING,47787,50000
521,Raffles,FEMALE,67,PROFESSOR,MARRIED,6,51000,19999,SHOPPING,50000,33999
522,Raffles,FEMALE,67,PROFESSOR,MARRIED,6,51000,19999,SHOPPING,50000,33999
523,Raffles,FEMALE,67,SYSTEM MANAGER,MARRIED,3,59999,29111,ELECTRONICS,60676,13000
524,Raffles,FEMALE,68,PRODUCT ENGINEER,MARRIED,6,79363,29000,COMPUTER SOFTWARES,80660,4500
525,AXA,FEMALE,68,SOFTWARE ENGINEER,MARRIED,5,55999,23999,AUTOMOBILE,60999,0
526,Raffles,FEMALE,68,SOFTWARE ENGINEER,MARRIED,5,55999,23999,HOME APPLIANCES,60999,0
527,Raffles,FEMALE,68,SOFTWARE ENGINEER,MARRIED,6,74757,32000,COMPUTER SOFTWARES,80660,4500
528,Raffles,FEMALE,68,NURSE,MARRIED,6,38999,24888,SHOPPING,47787,50000
529,Raffles,FEMALE,69,SYSTEM MANAGER,MARRIED,3,49999,19111,RESTAURANTS,60676,13000
530,Raffles,FEMALE,69,SYSTEM MANAGER,MARRIED,3,49999,19111,ELECTRONICS,60676,13000
531,Raffles,FEMALE,69,SYSTEM MANAGER,MARRIED,3,49999,19111,ELECTRONICS,60676,13000
532,Raffles,FEMALE,69,SYSTEM MANAGER,MARRIED,3,49999,19111,ELECTRONICS,60676,13000
533,Raffles,FEMALE,69,NURSE,MARRIED,6,34999,19888,AUTOMOBILE,47787,50000
534,Raffles,FEMALE,69,NURSE,MARRIED,6,34999,19888,TRAVELLING,47787,50000
535,Raffles,FEMALE,69,NURSE,MARRIED,6,34999,19888,SHOPPING,47787,50000
536,Raffles,FEMALE,69,NURSE,MARRIED,6,34999,19888,SHOPPING,47787,50000
537,Raffles,MALE,64,ASSISTANT PROFESSOR,MARRIED,6,34999,19888,SHOPPING,47787,50000
538,Raffles,MALE,64,DENTIST,SINGLE,3,58450,27675,TRAVELLING,75000,20876
539,Raffles,MALE,64,DENTIST,SINGLE,3,58450,27675,TRAVELLING,75000,20876
540,Raffles,MALE,64,DENTIST,SINGLE,3,58450,27675,TRAVELLING,75000,20876
541,Raffles,MALE,64,SYSTEM MANAGER,MARRIED,3,39999,19111,AUTOMOBILE,60676,13000
542,Raffles,MALE,64,PRODUCT ENGINEER,MARRIED,6,40499,29000,COMPUTER SOFTWARES,80660,4500
543,Raffles,MALE,64,SYSTEM OFFICER,MARRIED,6,75250,32541,EDUCATIONAL LOAN,102256,14256
544,Prudential,MALE,64,SYSTEM OFFICER,MARRIED,6,75250,32541,EDUCATIONAL LOAN,102256,14256
545,Raffles,MALE,65,SYSTEM OFFICER,MARRIED,6,75250,35541,EDUCATIONAL LOAN,102256,14256
546,Raffles,MALE,65,PRODUCT ENGINEER,MARRIED,6,75750,29000,SHOPPING,80660,4500
547,Raffles,MALE,65,PRODUCT ENGINEER,MARRIED,6,76250,26000,COMPUTER SOFTWARES,80660,4500
548,Raffles,MALE,65,PRODUCT ENGINEER,MARRIED,6,76750,29000,AUTOMOBILE,80660,4500
549,Raffles,MALE,65,FIRE DEPARTMENT,MARRIED,4,40000,18888,AUTOMOBILE,70000,0
550,Raffles,MALE,65,BANK MANAGER,MARRIED,4,45999,14500,TRAVELLING,79999,6700
551,Raffles,MALE,65,BANK MANAGER,MARRIED,4,45999,14500,TRAVELLING,79999,6700
552,Raffles,MALE,65,BANK MANAGER,MARRIED,4,45999,14500,HOME APPLIANCES,79999,6700
553,Raffles,MALE,66,BANK MANAGER,MARRIED,4,45999,14500,TRAVELLING,79999,6700
554,Raffles,MALE,66,DIETICIAN,MARRIED,2,46499,24376,BUILDING,95270,30385
555,Raffles,MALE,66,FARMER,SINGLE,3,51162,12591,AGRICULTURE,104758,75535
556,Raffles,MALE,66,CLERK,SINGLE,3,35000,9000,GOLD LOAN,100000,12584
557,Prudential,MALE,66,FARMER,MARRIED,7,35500,40246,AGRICULTURE,109000,28764
558,Raffles,MALE,66,DATA ENGINEER,SINGLE,6,42827,36410,RESTAURANT,125982,75739
559,Raffles,MALE,67,TEACHER,SINGLE,4,49370,21720,SHOPPING,140556,40378
560,Raffles,MALE,67,TECHNICIAN,MARRIED,5,30000,43518,RESTAURANTS,125463,52634
561,Raffles,MALE,67,TECHNICIAN,MARRIED,5,30000,43518,AUTOMOBILE,125463,52634
562,Raffles,MALE,68,SOFTWARE ENGINEER,MARRIED,7,50568,30010,RESTAURANT,146770,37354
563,Raffles,MALE,68,SOFTWARE ENGINEER,MARRIED,7,49568,44010,RESTAURANT,146770,37354
564,Raffles,MALE,68,ARMY,SINGLE,6,67129,16487,BUSINESS,167995,37222
565,Raffles,MALE,68,BUSINESS,MARRIED,4,50604,19918,HOUSING,164081,16514
566,Raffles,MALE,68,BANK MANAGER,MARRIED,5,68366,19326,DINNING,188617,38410
567,Raffles,MALE,68,BUSINESS,MARRIED,5,35407,21876,GOLD LOAN,157459,36058
568,Prudential,MALE,68,STORE KEEPER,SINGLE,5,40999,11999,BOOK STORES,167654,4500
569,Raffles,MALE,69,STORE KEEPER,SINGLE,5,40999,11999,AUTOMOBILE,167654,4500
570,Prudential,MALE,69,STORE KEEPER,SINGLE,5,40999,11999,BOOK STORES,167654,4500
571,Raffles,MALE,69,STORE KEEPER,SINGLE,5,40999,11999,BOOK STORES,167654,4500
572,Raffles,MALE,69,TEACHER,SINGLE,4,35020,26286,SHOPPING,162449,22862
573,Raffles,MALE,69,CHARTERED APPRAISER,SINGLE,5,70952,15709,RESTAURANT,204833,20711
574,Raffles,MALE,69,TEACHER,SINGLE,3,69961,27078,AUTOMOBILE,208327,13594
575,Raffles,MALE,69,BUSINESS,MARRIED,5,35407,21876,GOLD LOAN,177459,56058
576,Raffles,MALE,69,DRIVER,SINGLE,5,38687,17562,HOUSING,180826,81601
577,Raffles,MALE,69,BANK MANAGER,MARRIED,6,55670,32500,TRAVELLING,200560,34600
578,Raffles,MALE,69,SOFTWARE ENGINEER,SINGLE,5,56000,22376,SHOPPING,206750,23450
579,Prudential,MALE,69,POLICE,SINGLE,4,45521,43518,AUTOMOBILE,200000,43898
580,Prudential,MALE,69,POLICE,SINGLE,4,44521,11999,AUTOMOBILE,200000,43898
581,Prudential,MALE,69,POLICE,SINGLE,4,43521,11999,AUTOMOBILE,200000,43898
582,Prudential,MALE,69,POLICE,SINGLE,4,43521,11999,AUTOMOBILE,200000,43898
583,Raffles,MALE,69,POLICE,SINGLE,4,43521,11999,AUTOMOBILE,200000,43898
584,Prudential,MALE,69,DENTIST,SINGLE,7,49744,23564,COMPUTER SOFTWARES,207979,36588
585,AIA,FEMALE,71,CLERK,MARRIED,7,42751,21265,RESTAURANT,203787,70319
586,AIA,FEMALE,71,DENTIST,MARRIED,7,41247,20755,GOLD LOAN,227503,80114
587,AIA,FEMALE,74,TEACHER,MARRIED,5,70000,40000,GOLD LOAN,257789,10058
588,AIA,FEMALE,74,TEACHER,MARRIED,4,48192,36581,RESTAURANT,236617,21270
589,AIA,FEMALE,74,DATA ENGINEER,SINGLE,2,48692,12102,RESTAURANT,233604,46408
590,AIA,FEMALE,74,DIETICIAN,SINGLE,2,102334,17725,BUSINESS,312602,44634
591,AIA,FEMALE,74,POLICE,MARRIED,6,33763,31191,AUTOMOBILE,260038,49153
592,AIA,FEMALE,74,BANK MANAGER,SINGLE,6,55639,23775,HOUSING,284938,80269
593,AIA,FEMALE,74,CIVIL ENGINEER,MARRIED,6,75415,29047,ELECTRONICS,312842,60993
594,Income,FEMALE,74,DRIVER,MARRIED,3,420792,26854,GOLD LOAN,658350,54906
595,AIA,FEMALE,74,PILOT,SINGLE,4,83053,22355,BOOK STORES,323075,84997
596,AIA,FEMALE,75,FARMER,SINGLE,5,76294,45744,BUILDING,318598,23866
597,AIA,FEMALE,72,DATA ENGINEER,SINGLE,2,74264,37747,RESTAURANTS,321040,55582
598,AIA,FEMALE,72,ARMY,MARRIED,5,74764,32845,GOLD LOAN,324055,63046
599,AIA,FEMALE,72,TEACHER,MARRIED,5,48099,19999,RESTAURANTS,300999,12000
600,AIA,FEMALE,72,CLERK,MARRIED,4,45300,15000,HOUSING,300000,5600
601,AIA,FEMALE,72,FARMER,MARRIED,5,73656,18108,HOUSING,328952,84200
602,AIA,FEMALE,73,DOCTOR,SINGLE,4,79580,43518,SHOPPING,339171,84824
603,AIA,FEMALE,73,DOCTOR,SINGLE,4,77580,43518,SHOPPING,339171,84824
604,AIA,FEMALE,73,CLERK,MARRIED,4,38000,19000,HOUSING,300000,5600
605,AIA,FEMALE,73,TEACHER,SINGLE,3,51227,17187,GOLD LOAN,314714,63843
606,AIA,FEMALE,73,PILOT,SINGLE,4,75993,22164,DINNING,340060,17476
607,AIA,FEMALE,73,CLERK,MARRIED,4,35000,15000,HOUSING,300000,5600
608,AIA,FEMALE,75,CLERK,MARRIED,4,35000,15000,HOUSING,300000,5600
609,Great Eastern,FEMALE,75,TEACHER,MARRIED,3,35500,27187,GOLD LOAN,314714,63843
610,Great Eastern,FEMALE,75,BANK MANAGER,SINGLE,2,35735,47037,RESTAURANT,312839,31432
611,AIA,FEMALE,75,NURSE,SINGLE,6,51199,15753,COMPUTER SOFTWARES,331716,57156
612,AIA,FEMALE,75,FIRE DEPARTMENT,MARRIED,6,57890,32456,HOME APPLIANCES,345789,32456
613,AIA,FEMALE,75,EXECUTIVE,MARRIED,4,59534,33239,EDUCATIONAL LOAN,349976,18405
614,AIA,FEMALE,75,SOFTWARE ENGINEER,MARRIED,2,38170,19224,SHOPPING,329277,57381
615,AIA,FEMALE,70,SOFTWARE ENGINEER,MARRIED,2,52168,29991,GOLD LOAN,343770,20972
616,AIA,FEMALE,70,TECHNICIAN,MARRIED,3,35938,21048,RESTAURANTS,330589,46120
617,AIA,FEMALE,70,TECHNICIAN,SINGLE,5,34721,14789,TRAVELLING,332838,67426
618,AIA,FEMALE,70,PILOT,SINGLE,4,35221,28164,DINNING,340060,17476
619,AIA,FEMALE,70,TEACHER,MARRIED,4,45389,43518,HOME APPLIANCES,350050,24000
620,Great Eastern,FEMALE,70,CHARTERED APPRAISER,MARRIED,2,45889,44256,HOUSING,347254,37966
621,AIA,MALE,74,CHARTERED APPRAISER,SINGLE,2,46389,42256,EDUCATIONAL LOAN,347254,37966
622,AIA,MALE,74,CLERK,MARRIED,3,46889,24020,DINNING,404473,34322
623,AIA,MALE,74,ELECTRICIAN,MARRIED,4,30000,15000,HOUSING,354789,32154
624,AIA,MALE,74,ELECTRICIAN,MARRIED,4,30000,15000,HOUSING,354789,32154
625,AIA,MALE,74,BANK MANAGER,MARRIED,5,63070,25306,TRAVELLING,387941,15604
626,AIA,MALE,74,FARMER,SINGLE,5,78294,40744,BUILDING,418598,23866
627,AIA,MALE,74,PUBLIC WORKS,MARRIED,4,58000,27000,TRAVELLING,400000,19954
628,AIA,MALE,74,BUSINESS,SINGLE,7,34444,45690,SHOPPING,380248,15020
629,AIA,MALE,75,PRODUCT ENGINEER,MARRIED,2,78863,17361,DINNING,427457,48783
630,AIA,MALE,75,DIETICIAN,SINGLE,3,46841,24989,TRAVELLING,400085,41436
631,AIA,MALE,75,TEACHER,SINGLE,3,45008,17454,AUTOMOBILE,399435,51987
632,AIA,MALE,75,TEACHER,SINGLE,3,45008,17454,AUTOMOBILE,399435,51987
633,AIA,MALE,75,TEACHER,SINGLE,3,45008,17454,AUTOMOBILE,399435,51987
634,AIA,MALE,75,TEACHER,SINGLE,3,45008,17454,AUTOMOBILE,399435,51987
635,AIA,MALE,75,FIRE DEPARTMENT,MARRIED,5,54123,43518,RESTAURANTS,412365,18524
636,AIA,MALE,75,AIRPORT OFFICER,SINGLE,4,40000,18888,RESTAURANTS,400000,11111
637,AIA,MALE,72,SOFTWARE ENGINEER,SINGLE,4,40000,22000,GOLD LOAN,400000,15647
638,AIA,MALE,72,DIETICIAN,SINGLE,3,40060,23989,GOLD LOAN,400085,41436
639,AIA,MALE,72,PUBLIC WORKS,MARRIED,4,38000,20000,GOLD LOAN,400000,19954
640,AIA,MALE,72,PUBLIC WORKS,MARRIED,4,38000,20000,GOLD LOAN,400000,19954
641,AIA,MALE,72,PUBLIC WORKS,MARRIED,4,38000,20000,GOLD LOAN,400000,19954
642,AIA,MALE,72,TECHNICIAN,SINGLE,5,79363,18706,BUSINESS,442793,18431
643,AIA,MALE,72,SOFTWARE ENGINEER,MARRIED,4,80720,34362,RESTAURANTS,453798,85688
644,AIA,MALE,72,AIRPORT OFFICER,MARRIED,5,73093,19194,COMPUTER SOFTWARES,446448,27801
645,AIA,MALE,72,TEACHER,SINGLE,3,41227,19187,HOUSING,414714,53843
646,AIA,MALE,78,PRODUCT ENGINEER,MARRIED,5,44130,27092,SHOPPING,426730,76010
647,AIA,MALE,75,NAVY,WIDOWED,2,71171,26078,RESTAURANT,456808,58510
648,Great Eastern,MALE,75,PUBLIC WORKS,SINGLE,3,45228,27839,SHOPPING,439976,57559
649,AIA,MALE,75,DOCTOR,MARRIED,2,74657,46762,RESTAURANT,474793,56338
650,AIA,MALE,75,EXECUTIVE,SINGLE,5,78975,49225,BUSINESS,479113,64563
651,Great Eastern,MALE,75,NUTRITION,MARRIED,6,55650,31245,TRAVELLING,456780,23456
652,AIA,MALE,75,DOCTOR,MARRIED,5,57453,43518,TRAVELLING,462585,72488
653,Great Eastern,MALE,75,POLICE,WIDOWED,3,44945,25513,GOLD LOAN,453196,54235
654,AIA,MALE,75,TECHNICIAN,MARRIED,2,46379,25348,COMPUTER SOFTWARES,456414,32127
655,AIA,MALE,70,ACCOUNTANT,MARRIED,5,45670,21345,TRAVELLING,456780,34560
656,AIA,MALE,70,TEACHER,MARRIED,4,45678,23456,TRAVELLING,456790,24560
657,AIA,MALE,70,POLICE,MARRIED,6,43763,25191,AUTOMOBILE,460038,35153
658,AIA,MALE,70,CLERK,MARRIED,5,49076,18730,HOUSING,467795,64234
659,AIA,MALE,70,TEACHER,MARRIED,5,82815,42751,HOUSING,505610,87828
660,AIA,MALE,70,DIETICIAN,MARRIED,6,79079,32351,GOLD LOAN,505972,75523
661,AIA,MALE,70,ACCOUNT MANAGER,MARRIED,3,55475,28095,DINNING,484774,81050
662,AIA,MALE,70,TEACHER,SINGLE,5,74609,20444,RESTAURANTS,507036,51858
663,AIA,MALE,70,DRIVER,MARRIED,6,45838,27788,HOME APPLIANCES,482282,36338
664,AIA,MALE,73,TEACHER,MARRIED,7,64528,21231,TRAVELLING,506450,64918
665,AIA,MALE,73,NURSE,MARRIED,6,34999,19888,HOUSING,477870,50000
666,AIA,MALE,71,CIVIL ENGINEER,MARRIED,7,46880,18559,DINNING,495013,36419
667,AIA,MALE,71,AIRPORT OFFICER,SINGLE,4,67445,23826,HOME APPLIANCES,515970,79454
668,AIA,MALE,71,DIETICIAN,SINGLE,3,67945,43086,RESTAURANTS,488076,61227
